approach;time;"cumulative score"
OriginalBCloudTree;0;426.6429999999999
OriginalBCloudTree;1;511.4564999999999
OriginalBCloudTree;2;596.27
OriginalBCloudTree;6;596.27
OriginalBCloudTree;7;626.7066666666666
OriginalBCloudTree;8;656.0366666666666
OriginalBCloudTree;9;843.3033333333334
OriginalBCloudTree;11;927.2183333333334
OriginalBCloudTree;13;927.2183333333334
OriginalBCloudTree;14;927.2183333333334
OriginalBCloudTree;15;989.065
OriginalBCloudTree;16;1072.9799999999998
OriginalBCloudTree;17;1176.335
OriginalBCloudTree;18;1248.28
OriginalBCloudTree;20;1248.28
OriginalBCloudTree;21;1248.28
OriginalBCloudTree;22;1331.2249999999997
OriginalBCloudTree;23;1394.959333333333
OriginalBCloudTree;25;1394.959333333333
OriginalBCloudTree;26;1512.7416666666666
OriginalBCloudTree;27;1598.1996666666664
OriginalBCloudTree;28;1675.7096666666664
OriginalBCloudTree;29;1675.7096666666664
OriginalBCloudTree;30;1738.2691666666663
OriginalBCloudTree;31;1738.2691666666663
OriginalBCloudTree;32;1738.2691666666663
OriginalBCloudTree;33;1768.5043333333329
OriginalBCloudTree;34;1852.212333333333
OriginalBCloudTree;35;2021.4113333333332
OriginalBCloudTree;37;2133.686333333333
OriginalBCloudTree;38;2164.3765
OriginalBCloudTree;40;2193.7065
OriginalBCloudTree;41;2193.7065
OriginalBCloudTree;42;2277.2664999999997
OriginalBCloudTree;43;2432.2865
OriginalBCloudTree;45;2462.7231666666667
OriginalBCloudTree;46;2462.7231666666667
OriginalBCloudTree;47;2578.6508333333336
OriginalBCloudTree;48;2663.4643333333343
OriginalBCloudTree;49;2663.4643333333343
OriginalBCloudTree;50;2663.4643333333343
OriginalBCloudTree;51;2741.8793333333338
OriginalBCloudTree;52;2771.2093333333332
OriginalBCloudTree;53;2771.2093333333332
OriginalBCloudTree;54;2878.954333333333
OriginalBCloudTree;55;2878.954333333333
OriginalBCloudTree;56;2963.7678333333333
OriginalBCloudTree;57;2963.7678333333333
OriginalBCloudTree;58;2994.003
OriginalBCloudTree;59;3027.0815000000007
OriginalBCloudTree;60;3104.591500000001
OriginalBCloudTree;61;3137.670000000001
OriginalBCloudTree;62;3137.670000000001
OriginalBCloudTree;63;3221.230000000001
OriginalBCloudTree;65;3305.145000000001
OriginalBCloudTree;66;3337.4693333333344
OriginalBCloudTree;67;3337.4693333333344
OriginalBCloudTree;68;3454.1078333333344
OriginalBCloudTree;69;3486.432166666668
OriginalBCloudTree;70;3650.500166666668
OriginalBCloudTree;71;3650.500166666668
OriginalBCloudTree;72;3728.0101666666683
OriginalBCloudTree;73;3759.420166666668
OriginalBCloudTree;75;3843.335166666668
OriginalBCloudTree;76;3874.745166666668
OriginalBCloudTree;77;3909.4043333333348
OriginalBCloudTree;78;3994.862333333335
OriginalBCloudTree;80;4024.192333333335
OriginalBCloudTree;82;4193.760333333334
OriginalBCloudTree;84;4223.090333333333
OriginalBCloudTree;85;4252.420333333333
OriginalBCloudTree;86;4324.365333333333
OriginalBCloudTree;87;4407.925333333332
OriginalBCloudTree;88;4442.584499999999
OriginalBCloudTree;89;4525.529499999999
OriginalBCloudTree;90;4525.529499999999
OriginalBCloudTree;92;4645.646666666666
OriginalBCloudTree;93;4645.646666666666
OriginalBCloudTree;94;4676.083333333332
OriginalBCloudTree;95;4784.029999999999
OriginalBCloudTree;96;4867.589999999998
OriginalBCloudTree;97;4867.589999999998
OriginalBCloudTree;99;4898.026666666665
OriginalBCloudTree;100;4983.685166666665
OriginalBCloudTree;102;5171.8303333333315
OriginalBCloudTree;103;5203.240333333331
OriginalBCloudTree;105;5203.240333333331
OriginalBCloudTree;106;5203.240333333331
OriginalBCloudTree;107;5233.475499999998
OriginalBCloudTree;108;5319.133999999997
OriginalBCloudTree;109;5319.133999999997
OriginalBCloudTree;110;5428.053999999997
OriginalBCloudTree;111;5506.468999999997
OriginalBCloudTree;112;5538.79333333333
OriginalBCloudTree;114;5655.694333333329
OriginalBCloudTree;115;5741.185333333329
OriginalBCloudTree;116;5741.185333333329
OriginalBCloudTree;117;5771.8754999999965
OriginalBCloudTree;118;5771.8754999999965
OriginalBCloudTree;119;5857.840499999997
OriginalBCloudTree;120;5857.840499999997
OriginalBCloudTree;121;6005.031166666662
OriginalBCloudTree;122;6005.031166666662
OriginalBCloudTree;123;6005.031166666662
OriginalBCloudTree;124;6038.109666666662
OriginalBCloudTree;125;6121.0546666666605
OriginalBCloudTree;126;6121.0546666666605
OriginalBCloudTree;128;6151.744833333327
OriginalBCloudTree;129;6184.823333333326
OriginalBCloudTree;130;6256.768333333326
OriginalBCloudTree;131;6342.259333333326
OriginalBCloudTree;132;6459.247166666659
OriginalBCloudTree;134;6459.247166666659
OriginalBCloudTree;135;6492.325666666658
OriginalBCloudTree;136;6575.885666666659
OriginalBCloudTree;137;6575.885666666659
OriginalBCloudTree;138;6690.612999999991
OriginalBCloudTree;139;6723.405499999992
OriginalBCloudTree;141;6723.405499999992
OriginalBCloudTree;142;6723.405499999992
OriginalBCloudTree;143;6753.640666666658
OriginalBCloudTree;144;6753.640666666658
OriginalBCloudTree;145;6839.2936666666565
OriginalBCloudTree;146;6839.2936666666565
OriginalBCloudTree;147;6873.952833333323
OriginalBCloudTree;148;6906.745333333323
OriginalBCloudTree;150;6941.40449999999
OriginalBCloudTree;151;7013.349499999989
OriginalBCloudTree;152;7013.349499999989
OriginalBCloudTree;153;7184.799999999989
OriginalBCloudTree;155;7215.490166666656
OriginalBCloudTree;156;7215.490166666656
OriginalBCloudTree;157;7417.907833333323
OriginalBCloudTree;158;7447.237833333323
OriginalBCloudTree;160;7447.237833333323
OriginalBCloudTree;161;7532.695833333322
OriginalBCloudTree;162;7532.695833333322
OriginalBCloudTree;163;7649.689333333322
OriginalBCloudTree;164;7735.2543333333215
OriginalBCloudTree;165;7735.2543333333215
OriginalBCloudTree;166;7796.381166666654
OriginalBCloudTree;168;7796.381166666654
OriginalBCloudTree;169;7796.381166666654
OriginalBCloudTree;170;7829.173666666654
OriginalBCloudTree;171;7829.173666666654
OriginalBCloudTree;173;7860.583666666654
OriginalBCloudTree;174;7893.662166666653
OriginalBCloudTree;175;7976.065166666654
OriginalBCloudTree;176;7976.065166666654
OriginalBCloudTree;177;8092.72033333332
OriginalBCloudTree;178;8178.3788333333205
OriginalBCloudTree;179;8178.3788333333205
OriginalBCloudTree;180;8210.703166666653
OriginalBCloudTree;181;8210.703166666653
OriginalBCloudTree;184;8327.203666666654
OriginalBCloudTree;186;8361.862833333322
OriginalBCloudTree;187;8361.862833333322
OriginalBCloudTree;188;8477.36649999999
OriginalBCloudTree;190;8555.78149999999
OriginalBCloudTree;191;8555.78149999999
OriginalBCloudTree;192;8641.43449999999
OriginalBCloudTree;193;8672.124666666658
OriginalBCloudTree;194;8672.124666666658
OriginalBCloudTree;195;8735.152333333324
OriginalBCloudTree;196;8817.555333333325
OriginalBCloudTree;198;8817.555333333325
OriginalBCloudTree;200;8900.500333333326
OriginalBCloudTree;201;8935.159499999992
OriginalBCloudTree;203;9054.202999999994
OriginalBCloudTree;204;9083.532999999994
OriginalBCloudTree;205;9169.525499999994
OriginalBCloudTree;209;9169.525499999994
OriginalBCloudTree;210;9229.995833333329
OriginalBCloudTree;211;9260.432499999995
OriginalBCloudTree;212;9337.942499999996
OriginalBCloudTree;213;9422.605999999996
OriginalBCloudTree;215;9422.605999999996
OriginalBCloudTree;217;9422.605999999996
OriginalBCloudTree;218;9483.345999999996
OriginalBCloudTree;219;9561.760999999997
OriginalBCloudTree;220;9591.090999999997
OriginalBCloudTree;223;9591.090999999997
OriginalBCloudTree;224;9591.090999999997
OriginalBCloudTree;225;9591.090999999997
OriginalBCloudTree;226;9654.82533333333
OriginalBCloudTree;227;9654.82533333333
OriginalBCloudTree;228;9768.821999999996
OriginalBCloudTree;229;9854.480499999996
OriginalBCloudTree;230;9854.480499999996
OriginalBCloudTree;231;9854.480499999996
OriginalBCloudTree;232;9854.480499999996
OriginalBCloudTree;233;9959.217999999995
OriginalBCloudTree;234;9989.654666666662
OriginalBCloudTree;235;10021.064666666662
OriginalBCloudTree;237;10021.064666666662
OriginalBCloudTree;239;10021.064666666662
OriginalBCloudTree;240;10051.754833333329
OriginalBCloudTree;241;10137.245833333329
OriginalBCloudTree;242;10222.70383333333
OriginalBCloudTree;243;10289.68733333333
OriginalBCloudTree;244;10373.60233333333
OriginalBCloudTree;246;10373.60233333333
OriginalBCloudTree;247;10373.60233333333
OriginalBCloudTree;248;10403.837499999998
OriginalBCloudTree;249;10489.402499999998
OriginalBCloudTree;250;10522.194999999998
OriginalBCloudTree;251;10522.194999999998
OriginalBCloudTree;252;10552.885166666665
OriginalBCloudTree;253;10552.885166666665
OriginalBCloudTree;254;10636.593166666664
OriginalBCloudTree;255;10669.671666666663
OriginalBCloudTree;256;10752.616666666663
OriginalBCloudTree;258;10868.959833333332
OriginalBCloudTree;259;10951.362833333333
OriginalBCloudTree;260;10951.362833333333
OriginalBCloudTree;261;10983.687166666667
OriginalBCloudTree;262;11103.938833333334
OriginalBCloudTree;263;11103.938833333334
OriginalBCloudTree;264;11175.883833333333
OriginalBCloudTree;265;11206.119
OriginalBCloudTree;267;11206.119
OriginalBCloudTree;268;11375.332
OriginalBCloudTree;269;11375.332
OriginalBCloudTree;270;11437.4545
OriginalBCloudTree;272;11523.0195
OriginalBCloudTree;273;11605.4225
OriginalBCloudTree;274;11690.9135
OriginalBCloudTree;275;11690.9135
OriginalBCloudTree;276;11860.614000000001
OriginalBCloudTree;277;11860.614000000001
OriginalBCloudTree;278;11891.050666666668
OriginalBCloudTree;279;12007.278333333335
OriginalBCloudTree;281;12007.278333333335
OriginalBCloudTree;282;12175.334333333336
OriginalBCloudTree;284;12261.299333333336
OriginalBCloudTree;285;12292.709333333336
OriginalBCloudTree;286;12292.709333333336
OriginalBCloudTree;287;12324.119333333336
OriginalBCloudTree;288;12324.119333333336
OriginalBCloudTree;289;12408.782833333336
OriginalBCloudTree;290;12492.697833333337
OriginalBCloudTree;291;12664.25533333334
OriginalBCloudTree;292;12664.25533333334
OriginalBCloudTree;293;12741.76533333334
OriginalBCloudTree;294;12774.089666666674
OriginalBCloudTree;295;12807.168166666674
OriginalBCloudTree;296;12807.168166666674
OriginalBCloudTree;297;12807.168166666674
OriginalBCloudTree;298;12807.168166666674
OriginalBCloudTree;299;12890.876166666674
OriginalBCloudTree;300;12923.954666666674
OriginalBCloudTree;301;13002.369666666675
OriginalBCloudTree;302;13002.369666666675
OriginalBCloudTree;303;13206.278666666674
OriginalBCloudTree;304;13236.968833333342
OriginalBCloudTree;305;13236.968833333342
OriginalBCloudTree;306;13236.968833333342
OriginalBCloudTree;307;13271.628000000008
OriginalBCloudTree;308;13349.138000000008
OriginalBCloudTree;309;13349.138000000008
OriginalBCloudTree;310;13421.083000000008
OriginalBCloudTree;311;13537.338166666676
OriginalBCloudTree;312;13651.481666666677
OriginalBCloudTree;313;13651.481666666677
OriginalBCloudTree;314;13765.475166666678
OriginalBCloudTree;315;13765.475166666678
OriginalBCloudTree;316;13765.475166666678
OriginalBCloudTree;317;13929.34816666668
OriginalBCloudTree;318;14048.39166666668
OriginalBCloudTree;319;14048.39166666668
OriginalBCloudTree;320;14133.984166666678
OriginalBCloudTree;321;14247.365833333346
OriginalBCloudTree;322;14277.802500000013
OriginalBCloudTree;323;14277.802500000013
OriginalBCloudTree;324;14277.802500000013
OriginalBCloudTree;325;14360.205500000013
OriginalBCloudTree;326;14544.78866666668
OriginalBCloudTree;327;14544.78866666668
OriginalBCloudTree;328;14544.78866666668
OriginalBCloudTree;329;14610.857833333346
OriginalBCloudTree;330;14695.521333333347
OriginalBCloudTree;331;14780.184833333346
OriginalBCloudTree;332;14780.184833333346
OriginalBCloudTree;333;14985.955000000013
OriginalBCloudTree;334;15071.520000000013
OriginalBCloudTree;335;15071.520000000013
OriginalBCloudTree;336;15103.844333333347
OriginalBCloudTree;337;15103.844333333347
OriginalBCloudTree;338;15136.168666666681
OriginalBCloudTree;339;15136.168666666681
OriginalBCloudTree;340;15251.491166666681
OriginalBCloudTree;341;15422.621166666682
OriginalBCloudTree;342;15422.621166666682
OriginalBCloudTree;343;15593.938166666683
OriginalBCloudTree;344;15626.730666666683
OriginalBCloudTree;345;15626.730666666683
OriginalBCloudTree;346;15626.730666666683
OriginalBCloudTree;348;15821.97333333335
OriginalBCloudTree;349;15907.62633333335
OriginalBCloudTree;350;15992.43983333335
OriginalBCloudTree;351;16025.51833333335
OriginalBCloudTree;352;16025.51833333335
OriginalBCloudTree;353;16111.009333333352
OriginalBCloudTree;355;16196.974333333352
OriginalBCloudTree;356;16312.092333333352
OriginalBCloudTree;358;16346.751500000018
OriginalBCloudTree;359;16430.45950000002
OriginalBCloudTree;360;16430.45950000002
OriginalBCloudTree;362;16598.98100000002
OriginalBCloudTree;363;16631.30533333336
OriginalBCloudTree;364;16716.958333333358
OriginalBCloudTree;365;16749.750833333357
OriginalBCloudTree;366;16749.750833333357
OriginalBCloudTree;367;16835.34333333336
OriginalBCloudTree;368;16912.85333333336
OriginalBCloudTree;369;16912.85333333336
OriginalBCloudTree;370;16943.54350000003
OriginalBCloudTree;371;16943.54350000003
OriginalBCloudTree;372;17021.053500000027
OriginalBCloudTree;373;17021.053500000027
OriginalBCloudTree;375;17107.046000000028
OriginalBCloudTree;376;17185.461000000025
OriginalBCloudTree;377;17271.426000000025
OriginalBCloudTree;378;17304.218500000025
OriginalBCloudTree;380;17304.218500000025
OriginalBCloudTree;381;17390.21100000003
OriginalBCloudTree;382;17462.156000000028
OriginalBCloudTree;383;17462.156000000028
OriginalBCloudTree;384;17462.156000000028
OriginalBCloudTree;385;17534.10100000003
OriginalBCloudTree;387;17644.689500000033
OriginalBCloudTree;388;17644.689500000033
OriginalBCloudTree;389;17644.689500000033
OriginalBCloudTree;390;17644.689500000033
OriginalBCloudTree;391;17723.104500000034
OriginalBCloudTree;392;17807.76800000003
OriginalBCloudTree;394;17893.22600000003
OriginalBCloudTree;395;17976.78600000003
OriginalBCloudTree;396;18060.346000000027
OriginalBCloudTree;397;18168.99616666669
OriginalBCloudTree;398;18168.99616666669
OriginalBCloudTree;401;18254.96116666669
OriginalBCloudTree;402;18426.18466666669
OriginalBCloudTree;404;18426.18466666669
OriginalBCloudTree;405;18426.18466666669
OriginalBCloudTree;406;18611.374666666692
OriginalBCloudTree;408;18611.374666666692
OriginalBCloudTree;409;18695.289666666693
OriginalBCloudTree;410;18860.09566666669
OriginalBCloudTree;411;18860.09566666669
OriginalBCloudTree;412;18860.09566666669
OriginalBCloudTree;413;18945.68816666669
OriginalBCloudTree;414;18945.68816666669
OriginalBCloudTree;415;19062.55616666669
OriginalBCloudTree;416;19062.55616666669
OriginalBCloudTree;418;19229.209166666697
OriginalBCloudTree;419;19229.209166666697
OriginalBCloudTree;420;19314.667166666695
OriginalBCloudTree;421;19314.667166666695
OriginalBCloudTree;422;19314.667166666695
OriginalBCloudTree;424;19430.66883333337
OriginalBCloudTree;425;19430.66883333337
OriginalBCloudTree;427;19600.98533333337
OriginalBCloudTree;428;19769.49533333337
OriginalBCloudTree;429;19769.49533333337
OriginalBCloudTree;430;19854.986333333367
OriginalBCloudTree;431;19937.389333333365
OriginalBCloudTree;432;19937.389333333365
OriginalBCloudTree;433;19972.048500000034
OriginalBCloudTree;434;20058.013500000034
OriginalBCloudTree;435;20058.013500000034
OriginalBCloudTree;436;20058.013500000034
OriginalBCloudTree;437;20227.71400000003
OriginalBCloudTree;438;20227.71400000003
OriginalBCloudTree;439;20313.36700000003
OriginalBCloudTree;440;20313.36700000003
OriginalBCloudTree;441;20390.877000000033
OriginalBCloudTree;442;20507.058166666702
OriginalBCloudTree;443;20507.058166666702
OriginalBCloudTree;444;20592.6506666667
OriginalBCloudTree;445;20664.5956666667
OriginalBCloudTree;446;20748.3036666667
OriginalBCloudTree;447;20833.117166666696
OriginalBCloudTree;448;20911.532166666697
OriginalBCloudTree;449;20911.532166666697
OriginalBCloudTree;450;20943.85650000003
OriginalBCloudTree;452;20943.85650000003
OriginalBCloudTree;453;20943.85650000003
OriginalBCloudTree;454;21115.47450000003
OriginalBCloudTree;456;21272.083000000028
OriginalBCloudTree;457;21355.643000000025
OriginalBCloudTree;458;21388.435500000025
OriginalBCloudTree;459;21388.435500000025
OriginalBCloudTree;460;21388.435500000025
OriginalBCloudTree;461;21548.348500000022
OriginalBCloudTree;462;21548.348500000022
OriginalBCloudTree;463;21548.348500000022
OriginalBCloudTree;464;21548.348500000022
OriginalBCloudTree;465;21748.705166666685
OriginalBCloudTree;466;21833.518666666685
OriginalBCloudTree;467;21833.518666666685
OriginalBCloudTree;468;21917.433666666686
OriginalBCloudTree;469;21917.433666666686
OriginalBCloudTree;470;22073.358666666685
OriginalBCloudTree;471;22073.358666666685
OriginalBCloudTree;472;22104.768666666685
OriginalBCloudTree;473;22190.333666666684
OriginalBCloudTree;474;22190.333666666684
OriginalBCloudTree;476;22275.99216666668
OriginalBCloudTree;477;22433.52966666668
OriginalBCloudTree;478;22511.94466666668
OriginalBCloudTree;479;22594.88966666668
OriginalBCloudTree;480;22627.96816666668
OriginalBCloudTree;481;22710.37116666668
OriginalBCloudTree;482;22710.37116666668
OriginalBCloudTree;483;22710.37116666668
OriginalBCloudTree;484;22710.37116666668
OriginalBCloudTree;485;22795.829166666677
OriginalBCloudTree;486;22881.794166666677
OriginalBCloudTree;487;22998.47683333334
OriginalBCloudTree;489;23169.78833333334
OriginalBCloudTree;490;23169.78833333334
OriginalBCloudTree;491;23169.78833333334
OriginalBCloudTree;492;23252.19133333334
OriginalBCloudTree;494;23337.64933333334
OriginalBCloudTree;495;23366.97933333334
OriginalBCloudTree;496;23366.97933333334
OriginalBCloudTree;497;23366.97933333334
OriginalBCloudTree;498;23450.68733333334
OriginalBCloudTree;499;23450.68733333334
OriginalBCloudTree;500;23536.252333333337
OriginalBCloudTree;501;23621.065833333338
OriginalBCloudTree;502;23704.625833333335
OriginalBCloudTree;503;23704.625833333335
OriginalBCloudTree;504;23735.062500000004
OriginalBCloudTree;505;23906.592500000002
OriginalBCloudTree;506;23906.592500000002
OriginalBCloudTree;507;23992.0835
OriginalBCloudTree;509;23992.0835
OriginalBCloudTree;510;24077.7365
OriginalBCloudTree;511;24112.395666666667
OriginalBCloudTree;512;24112.395666666667
OriginalBCloudTree;513;24189.905666666666
OriginalBCloudTree;514;24357.380666666668
OriginalBCloudTree;516;24357.380666666668
OriginalBCloudTree;517;24528.626166666665
OriginalBCloudTree;518;24612.334166666664
OriginalBCloudTree;519;24644.658499999998
OriginalBCloudTree;521;24723.0735
OriginalBCloudTree;523;24723.0735
OriginalBCloudTree;526;25002.286
OriginalBCloudTree;528;25158.8945
OriginalBCloudTree;529;25158.8945
OriginalBCloudTree;532;25241.8395
OriginalBCloudTree;533;25241.8395
OriginalBCloudTree;535;25517.885999999995
OriginalBCloudTree;536;25517.885999999995
OriginalBCloudTree;537;25603.376999999993
OriginalBCloudTree;538;25603.376999999993
OriginalBCloudTree;540;25603.376999999993
OriginalBCloudTree;541;25688.190499999993
OriginalBCloudTree;542;25722.84966666666
OriginalBCloudTree;543;25805.25266666666
OriginalBCloudTree;545;25883.66766666666
OriginalBCloudTree;546;25967.58266666666
OriginalBCloudTree;549;26000.37516666666
OriginalBCloudTree;551;26085.94016666666
OriginalBCloudTree;552;26171.59866666666
OriginalBCloudTree;553;26257.56366666666
OriginalBCloudTree;556;26257.56366666666
OriginalBCloudTree;559;26429.20916666666
OriginalBCloudTree;560;26429.20916666666
OriginalBCloudTree;562;26511.61216666666
OriginalBCloudTree;563;26511.61216666666
OriginalBCloudTree;566;26595.320166666657
OriginalBCloudTree;567;26595.320166666657
OriginalBCloudTree;569;26680.91266666666
OriginalBCloudTree;571;26765.57616666666
OriginalBCloudTree;572;26937.026666666658
OriginalBCloudTree;573;27014.536666666656
OriginalBCloudTree;574;27014.536666666656
OriginalBCloudTree;575;27014.536666666656
OriginalBCloudTree;576;27014.536666666656
OriginalBCloudTree;580;27086.481666666656
OriginalBCloudTree;581;27340.270166666654
OriginalBCloudTree;582;27340.270166666654
OriginalBCloudTree;583;27425.761166666656
OriginalBCloudTree;588;27504.176166666657
OriginalBCloudTree;589;27504.176166666657
OriginalBCloudTree;591;27588.091166666658
OriginalBCloudTree;592;27671.799166666657
OriginalBCloudTree;593;27757.457666666654
OriginalBCloudTree;596;27929.015166666653
OriginalBCloudTree;601;28000.960166666653
OriginalBCloudTree;602;28000.960166666653
OriginalBCloudTree;603;28168.718666666653
OriginalBCloudTree;604;28251.12166666665
OriginalBCloudTree;609;28251.12166666665
OriginalBCloudTree;610;28335.93516666665
OriginalBCloudTree;612;28593.03866666665
OriginalBCloudTree;615;28678.52966666665
OriginalBCloudTree;616;28678.52966666665
OriginalBCloudTree;619;28764.09466666665
OriginalBCloudTree;621;28929.442666666648
OriginalBCloudTree;623;29013.00266666665
OriginalBCloudTree;624;29013.00266666665
OriginalBCloudTree;627;29182.30316666665
OriginalBCloudTree;630;29259.81316666665
OriginalBCloudTree;631;29259.81316666665
OriginalBCloudTree;633;29429.38666666665
OriginalBCloudTree;634;29501.33166666665
OriginalBCloudTree;639;29664.41016666665
OriginalBCloudTree;642;29833.00816666665
OriginalBCloudTree;644;29917.671666666647
OriginalBCloudTree;647;30003.636666666647
OriginalBCloudTree;649;30086.039666666646
OriginalBCloudTree;650;30171.698166666647
OriginalBCloudTree;655;30257.18916666665
OriginalBCloudTree;658;30503.717166666647
OriginalBCloudTree;667;30582.132166666648
OriginalBCloudTree;668;30666.795666666647
OriginalBCloudTree;669;30752.360666666646
OriginalBCloudTree;675;30836.275666666646
OriginalBCloudTree;676;30921.089166666647
OriginalBCloudTree;677;31007.054166666647
OriginalBCloudTree;684;31092.512166666645
OriginalBCloudTree;688;31264.497166666646
OriginalBCloudTree;692;31350.062166666645
OriginalBCloudTree;699;31604.867666666647
OriginalBCloudTree;700;31690.35866666665
OriginalBCloudTree;707;31776.32366666665
OriginalBCloudTree;709;31860.23866666665
OriginalBCloudTree;711;31945.83116666665
OriginalBCloudTree;715;32031.396166666647
OriginalBCloudTree;720;32114.341166666647
OriginalBCloudTree;721;32199.99966666665
OriginalBCloudTree;734;32285.99216666665
OriginalBCloudTree;736;32371.65066666665
OriginalBCloudTree;746;32542.73416666665
OriginalBCloudTree;747;32627.54766666665
OriginalBCloudTree;758;32712.21116666665
OriginalBCloudTree;760;32795.77116666665
OriginalBCloudTree;770;32964.30866666665
OriginalBCloudTree;780;33048.22366666665
OriginalBCloudTree;783;33133.882166666655
OriginalBCloudTree;791;33219.87466666665
OriginalBCloudTree;794;33304.68816666666
OriginalBCloudTree;802;33389.35166666666
OriginalBCloudTree;804;33472.91166666667
OriginalBCloudTree;811;33505.70416666667
OriginalBCloudTree;814;33591.195166666665
OriginalBCloudTree;819;33704.83033333333
OriginalBCloudTree;827;33790.42283333333
OriginalBCloudTree;828;33823.501333333326
OriginalBCloudTree;830;33907.41633333333
OriginalBCloudTree;836;33992.22983333333
OriginalBCloudTree;837;34022.465
OriginalBCloudTree;838;34108.4575
OriginalBCloudTree;845;34226.06166666666
OriginalBCloudTree;847;34310.72516666666
OriginalBCloudTree;853;34340.055166666665
OriginalBCloudTree;855;34425.71366666667
OriginalBCloudTree;862;34456.15033333334
OriginalBCloudTree;865;34541.64133333334
OriginalBCloudTree;867;34626.30483333334
OriginalBCloudTree;870;34657.71483333334
OriginalBCloudTree;878;34775.631666666675
OriginalBCloudTree;879;34859.19166666668
OriginalBCloudTree;886;34889.88183333335
OriginalBCloudTree;889;34974.695333333344
OriginalBCloudTree;890;35058.610333333345
OriginalBCloudTree;894;35091.40283333335
OriginalBCloudTree;898;35174.34783333335
OriginalBCloudTree;902;35207.42633333335
OriginalBCloudTree;903;35293.41883333335
OriginalBCloudTree;907;35379.07733333335
OriginalBCloudTree;911;35409.312500000015
OriginalBCloudTree;918;35493.97600000001
OriginalBCloudTree;920;35608.797000000006
OriginalBCloudTree;928;35723.767000000014
OriginalBCloudTree;932;35809.35950000001
OriginalBCloudTree;936;35839.79616666668
OriginalBCloudTree;938;35923.71116666668
OriginalBCloudTree;944;36044.02883333335
OriginalBCloudTree;946;36130.02133333336
OriginalBCloudTree;956;36215.51233333336
OriginalBCloudTree;961;36301.50483333336
OriginalBCloudTree;963;36332.19500000002
OriginalBCloudTree;967;36417.78750000002
OriginalBCloudTree;971;36450.11183333335
OriginalBCloudTree;973;36535.70433333335
OriginalBCloudTree;979;36621.36283333335
OriginalBCloudTree;980;36654.15533333335
OriginalBCloudTree;990;36684.390500000016
OriginalBCloudTree;1033;36715.80050000002
OriginalBCloudTree;1042;36748.879000000015
OriginalBCloudTree;1043;36834.871500000016
OriginalBCloudTree;1051;36865.56166666668
OriginalBCloudTree;1053;36951.15416666668
OriginalBCloudTree;1061;36980.48416666668
OriginalBCloudTree;1070;37010.92083333335
OriginalBCloudTree;1092;37045.58000000002
OriginalBCloudTree;1100;37077.904333333354
OriginalBCloudTree;1110;37110.69683333335
OriginalBCloudTree;1118;37143.77533333335
OriginalBCloudTree;1126;37178.43450000002
OriginalBCloudTree;1135;37211.22700000002
OriginalBCloudTree;1259;37296.88000000002
OriginalBCloudTree;1280;37382.845000000016
OriginalBCloudTree;1289;37468.41000000002
ProposedBCloudTree;0;545.4966666666667
ProposedBCloudTree;1;575.9333333333334
ProposedBCloudTree;2;575.9333333333334
ProposedBCloudTree;6;661.3913333333334
ProposedBCloudTree;7;889.946
ProposedBCloudTree;8;920.3826666666668
ProposedBCloudTree;9;1175.2466666666664
ProposedBCloudTree;11;1175.2466666666664
ProposedBCloudTree;13;1260.7046666666665
ProposedBCloudTree;14;1447.0046666666667
ProposedBCloudTree;15;1478.4146666666666
ProposedBCloudTree;16;1478.4146666666666
ProposedBCloudTree;17;1582.684
ProposedBCloudTree;18;1751.12
ProposedBCloudTree;20;1823.0649999999998
ProposedBCloudTree;21;1937.4199999999998
ProposedBCloudTree;22;1968.83
ProposedBCloudTree;23;2040.7749999999999
ProposedBCloudTree;25;2144.1299999999997
ProposedBCloudTree;26;2310.02
ProposedBCloudTree;27;2310.02
ProposedBCloudTree;28;2413.3750000000005
ProposedBCloudTree;29;2527.7300000000005
ProposedBCloudTree;30;2527.7300000000005
ProposedBCloudTree;31;2599.675
ProposedBCloudTree;32;2671.6200000000003
ProposedBCloudTree;33;2703.03
ProposedBCloudTree;34;2785.9750000000004
ProposedBCloudTree;35;2893.7200000000003
ProposedBCloudTree;37;2893.7200000000003
ProposedBCloudTree;38;3054.7900000000004
ProposedBCloudTree;40;3162.736666666666
ProposedBCloudTree;41;3246.651666666666
ProposedBCloudTree;42;3354.5983333333334
ProposedBCloudTree;43;3354.5983333333334
ProposedBCloudTree;45;3433.0133333333333
ProposedBCloudTree;46;3599.873333333334
ProposedBCloudTree;47;3599.873333333334
ProposedBCloudTree;48;3713.8165000000004
ProposedBCloudTree;49;3792.2315000000003
ProposedBCloudTree;50;3875.7915000000003
ProposedBCloudTree;51;3875.7915000000003
ProposedBCloudTree;52;3988.8295
ProposedBCloudTree;53;4073.643
ProposedBCloudTree;54;4157.203
ProposedBCloudTree;55;4273.235333333333
ProposedBCloudTree;56;4273.235333333333
ProposedBCloudTree;57;4356.943333333333
ProposedBCloudTree;58;4356.943333333333
ProposedBCloudTree;59;4527.214833333333
ProposedBCloudTree;60;4557.45
ProposedBCloudTree;61;4641.365
ProposedBCloudTree;62;4834.601
ProposedBCloudTree;63;4834.601
ProposedBCloudTree;65;4920.059
ProposedBCloudTree;66;4997.569
ProposedBCloudTree;67;5082.3825
ProposedBCloudTree;68;5142.8528333333325
ProposedBCloudTree;69;5313.124333333332
ProposedBCloudTree;70;5313.124333333332
ProposedBCloudTree;71;5396.684333333332
ProposedBCloudTree;72;5396.684333333332
ProposedBCloudTree;73;5557.902333333332
ProposedBCloudTree;75;5588.338999999998
ProposedBCloudTree;76;5696.285666666665
ProposedBCloudTree;77;5696.285666666665
ProposedBCloudTree;78;5781.776666666665
ProposedBCloudTree;80;5945.005166666665
ProposedBCloudTree;82;6058.948333333332
ProposedBCloudTree;84;6058.948333333332
ProposedBCloudTree;85;6091.272666666665
ProposedBCloudTree;86;6174.832666666664
ProposedBCloudTree;87;6258.540666666665
ProposedBCloudTree;88;6342.455666666664
ProposedBCloudTree;89;6371.785666666665
ProposedBCloudTree;90;6450.200666666664
ProposedBCloudTree;92;6479.530666666664
ProposedBCloudTree;93;6557.040666666663
ProposedBCloudTree;94;6557.040666666663
ProposedBCloudTree;95;6674.932666666663
ProposedBCloudTree;96;6674.932666666663
ProposedBCloudTree;97;6843.454166666664
ProposedBCloudTree;99;6843.454166666664
ProposedBCloudTree;100;6958.437166666664
ProposedBCloudTree;102;6987.767166666664
ProposedBCloudTree;103;7155.597166666663
ProposedBCloudTree;105;7233.107166666663
ProposedBCloudTree;106;7316.6671666666625
ProposedBCloudTree;107;7316.6671666666625
ProposedBCloudTree;108;7424.412333333329
ProposedBCloudTree;109;7456.736666666662
ProposedBCloudTree;110;7456.736666666662
ProposedBCloudTree;111;7627.041166666662
ProposedBCloudTree;112;7712.694166666663
ProposedBCloudTree;114;7798.352666666663
ProposedBCloudTree;115;7798.352666666663
ProposedBCloudTree;116;7859.225999999996
ProposedBCloudTree;117;7859.225999999996
ProposedBCloudTree;118;8028.243999999995
ProposedBCloudTree;119;8105.753999999995
ProposedBCloudTree;120;8189.313999999996
ProposedBCloudTree;121;8189.313999999996
ProposedBCloudTree;122;8272.873999999998
ProposedBCloudTree;123;8305.19833333333
ProposedBCloudTree;124;8337.522666666664
ProposedBCloudTree;125;8337.522666666664
ProposedBCloudTree;126;8587.054166666663
ProposedBCloudTree;128;8587.054166666663
ProposedBCloudTree;129;8670.614166666664
ProposedBCloudTree;130;8756.105166666664
ProposedBCloudTree;131;8817.750333333332
ProposedBCloudTree;132;8896.165333333332
ProposedBCloudTree;134;8979.725333333332
ProposedBCloudTree;135;9065.183333333332
ProposedBCloudTree;136;9065.183333333332
ProposedBCloudTree;137;9181.406833333334
ProposedBCloudTree;138;9265.321833333333
ProposedBCloudTree;139;9383.104166666668
ProposedBCloudTree;141;9468.595166666668
ProposedBCloudTree;142;9540.540166666668
ProposedBCloudTree;143;9540.540166666668
ProposedBCloudTree;144;9659.114333333335
ProposedBCloudTree;145;9659.114333333335
ProposedBCloudTree;146;9744.605333333335
ProposedBCloudTree;147;9845.880333333334
ProposedBCloudTree;148;9929.795333333335
ProposedBCloudTree;150;10001.740333333335
ProposedBCloudTree;151;10036.399500000001
ProposedBCloudTree;152;10121.890500000001
ProposedBCloudTree;153;10193.835500000001
ProposedBCloudTree;155;10279.326500000001
ProposedBCloudTree;156;10312.405000000002
ProposedBCloudTree;157;10433.029166666669
ProposedBCloudTree;158;10433.029166666669
ProposedBCloudTree;160;10517.84266666667
ProposedBCloudTree;161;10603.80766666667
ProposedBCloudTree;162;10686.752666666669
ProposedBCloudTree;163;10686.752666666669
ProposedBCloudTree;164;10833.591000000004
ProposedBCloudTree;165;10862.921000000004
ProposedBCloudTree;166;10862.921000000004
ProposedBCloudTree;168;11031.357000000004
ProposedBCloudTree;169;11117.322000000004
ProposedBCloudTree;170;11117.322000000004
ProposedBCloudTree;171;11236.365500000002
ProposedBCloudTree;173;11266.802166666668
ProposedBCloudTree;174;11266.802166666668
ProposedBCloudTree;175;11352.794666666668
ProposedBCloudTree;176;11436.354666666668
ProposedBCloudTree;177;11465.684666666668
ProposedBCloudTree;178;11551.649666666668
ProposedBCloudTree;179;11630.064666666669
ProposedBCloudTree;180;11630.064666666669
ProposedBCloudTree;181;11746.292333333337
ProposedBCloudTree;184;11776.527500000004
ProposedBCloudTree;186;11932.452500000005
ProposedBCloudTree;187;12018.105500000007
ProposedBCloudTree;188;12050.42983333334
ProposedBCloudTree;190;12136.422333333341
ProposedBCloudTree;191;12166.657500000008
ProposedBCloudTree;192;12166.657500000008
ProposedBCloudTree;193;12166.657500000008
ProposedBCloudTree;194;12281.640500000009
ProposedBCloudTree;195;12365.34850000001
ProposedBCloudTree;196;12526.77350000001
ProposedBCloudTree;198;12557.210166666677
ProposedBCloudTree;200;12557.210166666677
ProposedBCloudTree;201;12587.445333333342
ProposedBCloudTree;203;12834.321833333344
ProposedBCloudTree;204;12952.304666666678
ProposedBCloudTree;205;13030.719666666679
ProposedBCloudTree;209;13061.156333333345
ProposedBCloudTree;210;13228.572333333346
ProposedBCloudTree;211;13372.052500000014
ProposedBCloudTree;212;13455.612500000014
ProposedBCloudTree;213;13541.070500000014
ProposedBCloudTree;215;13571.305666666682
ProposedBCloudTree;217;13733.428666666683
ProposedBCloudTree;218;13762.758666666683
ProposedBCloudTree;219;13878.982166666683
ProposedBCloudTree;220;13963.795666666683
ProposedBCloudTree;223;13993.125666666683
ProposedBCloudTree;224;14071.540666666684
ProposedBCloudTree;225;14187.233833333352
ProposedBCloudTree;226;14187.233833333352
ProposedBCloudTree;227;14301.588833333351
ProposedBCloudTree;228;14301.588833333351
ProposedBCloudTree;229;14301.588833333351
ProposedBCloudTree;230;14385.296833333352
ProposedBCloudTree;231;14470.110333333352
ProposedBCloudTree;232;14619.083500000019
ProposedBCloudTree;233;14619.083500000019
ProposedBCloudTree;234;14696.593500000019
ProposedBCloudTree;235;14810.948500000019
ProposedBCloudTree;237;14896.40650000002
ProposedBCloudTree;239;15013.40000000002
ProposedBCloudTree;240;15042.73000000002
ProposedBCloudTree;241;15042.73000000002
ProposedBCloudTree;242;15197.75000000002
ProposedBCloudTree;243;15230.074333333354
ProposedBCloudTree;244;15473.474333333354
ProposedBCloudTree;246;15505.798666666687
ProposedBCloudTree;247;15591.289666666687
ProposedBCloudTree;248;15623.61400000002
ProposedBCloudTree;249;15658.273166666686
ProposedBCloudTree;250;15735.783166666686
ProposedBCloudTree;251;15821.436166666686
ProposedBCloudTree;252;16073.580166666687
ProposedBCloudTree;253;16103.815333333354
ProposedBCloudTree;254;16103.815333333354
ProposedBCloudTree;255;16138.47450000002
ProposedBCloudTree;256;16168.911166666687
ProposedBCloudTree;258;16331.034166666688
ProposedBCloudTree;259;16414.594166666688
ProposedBCloudTree;260;16697.318500000023
ProposedBCloudTree;261;16697.318500000023
ProposedBCloudTree;262;16697.318500000023
ProposedBCloudTree;263;16731.977666666688
ProposedBCloudTree;264;16764.30200000002
ProposedBCloudTree;265;16926.425000000025
ProposedBCloudTree;267;17039.315000000024
ProposedBCloudTree;268;17039.315000000024
ProposedBCloudTree;269;17330.031500000023
ProposedBCloudTree;270;17330.031500000023
ProposedBCloudTree;272;17487.629500000032
ProposedBCloudTree;273;17519.03950000003
ProposedBCloudTree;274;17636.931500000028
ProposedBCloudTree;275;17667.621666666695
ProposedBCloudTree;276;17753.614166666695
ProposedBCloudTree;277;17925.06466666669
ProposedBCloudTree;278;17925.06466666669
ProposedBCloudTree;279;18082.46766666669
ProposedBCloudTree;281;18144.314333333357
ProposedBCloudTree;282;18258.919500000025
ProposedBCloudTree;284;18428.286000000022
ProposedBCloudTree;285;18428.286000000022
ProposedBCloudTree;286;18595.90900000002
ProposedBCloudTree;287;18667.85400000002
ProposedBCloudTree;288;18732.748333333355
ProposedBCloudTree;289;18767.40750000002
ProposedBCloudTree;290;18853.06600000002
ProposedBCloudTree;291;18938.524000000023
ProposedBCloudTree;292;19023.98200000002
ProposedBCloudTree;293;19023.98200000002
ProposedBCloudTree;294;19023.98200000002
ProposedBCloudTree;295;19171.540166666688
ProposedBCloudTree;296;19257.19866666669
ProposedBCloudTree;297;19377.348833333355
ProposedBCloudTree;298;19454.858833333354
ProposedBCloudTree;299;19532.368833333352
ProposedBCloudTree;300;19532.368833333352
ProposedBCloudTree;301;19532.368833333352
ProposedBCloudTree;302;19649.024000000023
ProposedBCloudTree;303;19680.434000000023
ProposedBCloudTree;304;19798.65316666669
ProposedBCloudTree;305;19884.30616666669
ProposedBCloudTree;306;20054.772666666693
ProposedBCloudTree;307;20054.772666666693
ProposedBCloudTree;308;20170.126333333363
ProposedBCloudTree;309;20256.091333333363
ProposedBCloudTree;310;20287.501333333363
ProposedBCloudTree;311;20317.938000000027
ProposedBCloudTree;312;20396.35300000003
ProposedBCloudTree;313;20560.259000000027
ProposedBCloudTree;314;20645.072500000028
ProposedBCloudTree;315;20762.81450000003
ProposedBCloudTree;316;20848.779500000026
ProposedBCloudTree;317;20879.469666666693
ProposedBCloudTree;318;20996.25616666669
ProposedBCloudTree;319;21079.816166666693
ProposedBCloudTree;320;21163.52416666669
ProposedBCloudTree;321;21163.52416666669
ProposedBCloudTree;322;21196.60266666669
ProposedBCloudTree;323;21453.061666666687
ProposedBCloudTree;324;21483.751833333354
ProposedBCloudTree;325;21585.026833333355
ProposedBCloudTree;326;21670.685333333353
ProposedBCloudTree;327;21742.630333333353
ProposedBCloudTree;328;21775.708833333352
ProposedBCloudTree;329;21775.708833333352
ProposedBCloudTree;330;21858.111833333354
ProposedBCloudTree;331;21973.01050000002
ProposedBCloudTree;332;22128.87050000002
ProposedBCloudTree;333;22212.78550000002
ProposedBCloudTree;334;22284.73050000002
ProposedBCloudTree;335;22350.079833333355
ProposedBCloudTree;336;22350.079833333355
ProposedBCloudTree;337;22432.482833333353
ProposedBCloudTree;338;22462.718000000023
ProposedBCloudTree;339;22704.14000000002
ProposedBCloudTree;340;22789.63100000002
ProposedBCloudTree;341;22861.57600000002
ProposedBCloudTree;342;22894.36850000002
ProposedBCloudTree;343;22894.36850000002
ProposedBCloudTree;344;23012.657833333353
ProposedBCloudTree;345;23043.09450000002
ProposedBCloudTree;346;23208.44250000002
ProposedBCloudTree;348;23408.30150000002
ProposedBCloudTree;349;23491.86150000002
ProposedBCloudTree;350;23491.86150000002
ProposedBCloudTree;351;23524.185833333355
ProposedBCloudTree;352;23606.588833333353
ProposedBCloudTree;353;23771.93683333335
ProposedBCloudTree;355;23921.79150000002
ProposedBCloudTree;356;24091.010000000024
ProposedBCloudTree;358;24202.743000000028
ProposedBCloudTree;359;24202.743000000028
ProposedBCloudTree;360;24368.091000000026
ProposedBCloudTree;362;24517.945666666696
ProposedBCloudTree;363;24602.759166666696
ProposedBCloudTree;364;24688.417666666697
ProposedBCloudTree;365;24717.7476666667
ProposedBCloudTree;366;24800.150666666697
ProposedBCloudTree;367;24884.8141666667
ProposedBCloudTree;368;25088.522666666697
ProposedBCloudTree;369;25123.181833333365
ProposedBCloudTree;370;25207.096833333366
ProposedBCloudTree;371;25237.33200000003
ProposedBCloudTree;372;25322.990500000033
ProposedBCloudTree;373;25493.30700000003
ProposedBCloudTree;375;25665.23700000003
ProposedBCloudTree;376;25698.31550000003
ProposedBCloudTree;377;25783.97400000003
ProposedBCloudTree;378;25814.4106666667
ProposedBCloudTree;380;25986.056166666698
ProposedBCloudTree;381;26157.9861666667
ProposedBCloudTree;382;26242.649666666704
ProposedBCloudTree;383;26273.339833333375
ProposedBCloudTree;384;26358.830833333377
ProposedBCloudTree;385;26391.909333333377
ProposedBCloudTree;387;26563.527333333375
ProposedBCloudTree;388;26735.084833333378
ProposedBCloudTree;389;26820.57583333338
ProposedBCloudTree;390;26851.266000000047
ProposedBCloudTree;391;26968.40383333338
ProposedBCloudTree;392;26968.40383333338
ProposedBCloudTree;394;27140.02183333338
ProposedBCloudTree;395;27225.674833333378
ProposedBCloudTree;396;27311.267333333377
ProposedBCloudTree;397;27517.410000000044
ProposedBCloudTree;398;27547.64516666671
ProposedBCloudTree;401;27715.61316666671
ProposedBCloudTree;402;27798.01616666671
ProposedBCloudTree;404;27914.368666666713
ProposedBCloudTree;405;28032.285500000045
ProposedBCloudTree;406;28032.285500000045
ProposedBCloudTree;408;28368.64900000004
ProposedBCloudTree;409;28368.64900000004
ProposedBCloudTree;410;28368.64900000004
ProposedBCloudTree;411;28484.997666666706
ProposedBCloudTree;412;28514.327666666708
ProposedBCloudTree;413;28599.920166666707
ProposedBCloudTree;414;28771.450166666706
ProposedBCloudTree;415;28857.415166666706
ProposedBCloudTree;416;28943.407666666706
ProposedBCloudTree;418;29060.401166666703
ProposedBCloudTree;419;29091.09133333337
ProposedBCloudTree;420;29091.09133333337
ProposedBCloudTree;421;29347.813833333366
ProposedBCloudTree;422;29433.378833333365
ProposedBCloudTree;424;29433.378833333365
ProposedBCloudTree;425;29548.629000000034
ProposedBCloudTree;427;29631.032000000032
ProposedBCloudTree;428;29661.7221666667
ProposedBCloudTree;429;29829.690166666696
ProposedBCloudTree;430;29829.690166666696
ProposedBCloudTree;431;29829.690166666696
ProposedBCloudTree;432;29942.87033333336
ProposedBCloudTree;433;29942.87033333336
ProposedBCloudTree;434;30025.27333333336
ProposedBCloudTree;435;30058.35183333336
ProposedBCloudTree;436;30226.41333333336
ProposedBCloudTree;437;30226.41333333336
ProposedBCloudTree;438;30257.82333333336
ProposedBCloudTree;439;30340.76833333336
ProposedBCloudTree;440;30423.171333333357
ProposedBCloudTree;441;30423.171333333357
ProposedBCloudTree;442;30456.249833333357
ProposedBCloudTree;443;30538.652833333355
ProposedBCloudTree;444;30538.652833333355
ProposedBCloudTree;445;30570.062833333355
ProposedBCloudTree;446;30823.324333333352
ProposedBCloudTree;447;30823.324333333352
ProposedBCloudTree;448;30823.324333333352
ProposedBCloudTree;449;30856.11683333335
ProposedBCloudTree;450;30941.76983333335
ProposedBCloudTree;452;31057.84333333335
ProposedBCloudTree;453;31143.496333333347
ProposedBCloudTree;454;31228.159833333346
ProposedBCloudTree;456;31260.952333333345
ProposedBCloudTree;457;31346.605333333344
ProposedBCloudTree;458;31346.605333333344
ProposedBCloudTree;459;31461.95900000001
ProposedBCloudTree;460;31547.52400000001
ProposedBCloudTree;461;31547.52400000001
ProposedBCloudTree;462;31633.51650000001
ProposedBCloudTree;463;31666.59500000001
ProposedBCloudTree;464;31752.160000000007
ProposedBCloudTree;465;31782.850166666674
ProposedBCloudTree;466;31867.513666666673
ProposedBCloudTree;467;31953.078666666668
ProposedBCloudTree;468;31953.078666666668
ProposedBCloudTree;469;32038.67116666667
ProposedBCloudTree;470;32073.33033333334
ProposedBCloudTree;471;32158.89533333334
ProposedBCloudTree;472;32189.585500000005
ProposedBCloudTree;473;32275.076500000006
ProposedBCloudTree;474;32360.729500000005
ProposedBCloudTree;476;32478.185500000003
ProposedBCloudTree;477;32478.185500000003
ProposedBCloudTree;478;32563.8385
ProposedBCloudTree;479;32596.162833333336
ProposedBCloudTree;480;32682.155333333336
ProposedBCloudTree;481;32682.155333333336
ProposedBCloudTree;482;32768.12033333334
ProposedBCloudTree;483;32885.57633333334
ProposedBCloudTree;484;32971.541333333334
ProposedBCloudTree;485;32971.541333333334
ProposedBCloudTree;486;32971.541333333334
ProposedBCloudTree;487;33092.19300000001
ProposedBCloudTree;489;33177.75800000001
ProposedBCloudTree;490;33210.550500000005
ProposedBCloudTree;491;33380.778999999995
ProposedBCloudTree;492;33380.778999999995
ProposedBCloudTree;494;33415.43816666667
ProposedBCloudTree;495;33501.430666666674
ProposedBCloudTree;496;33586.99566666668
ProposedBCloudTree;497;33619.78816666668
ProposedBCloudTree;498;33705.353166666675
ProposedBCloudTree;499;33791.01166666667
ProposedBCloudTree;500;33791.01166666667
ProposedBCloudTree;501;33791.01166666667
ProposedBCloudTree;502;33911.23583333334
ProposedBCloudTree;503;33996.89433333333
ProposedBCloudTree;504;34029.68683333333
ProposedBCloudTree;505;34115.25183333333
ProposedBCloudTree;506;34200.91033333333
ProposedBCloudTree;507;34200.91033333333
ProposedBCloudTree;509;34319.55383333333
ProposedBCloudTree;510;34319.55383333333
ProposedBCloudTree;511;34404.217333333334
ProposedBCloudTree;512;34489.78233333333
ProposedBCloudTree;513;34489.78233333333
ProposedBCloudTree;514;34575.374833333335
ProposedBCloudTree;516;34691.630000000005
ProposedBCloudTree;517;34691.630000000005
ProposedBCloudTree;518;34691.630000000005
ProposedBCloudTree;519;34861.8585
ProposedBCloudTree;521;34861.8585
ProposedBCloudTree;523;34978.141166666675
ProposedBCloudTree;526;35064.133666666676
ProposedBCloudTree;528;35064.133666666676
ProposedBCloudTree;529;35098.79283333335
ProposedBCloudTree;532;35098.79283333335
ProposedBCloudTree;533;35184.385333333346
ProposedBCloudTree;535;35184.385333333346
ProposedBCloudTree;536;35217.17783333334
ProposedBCloudTree;537;35217.17783333334
ProposedBCloudTree;538;35302.83633333335
ProposedBCloudTree;540;35387.49983333334
ProposedBCloudTree;541;35387.49983333334
ProposedBCloudTree;542;35387.49983333334
ProposedBCloudTree;543;35418.19000000001
ProposedBCloudTree;545;35418.19000000001
ProposedBCloudTree;546;35588.84600000001
ProposedBCloudTree;549;35619.53616666669
ProposedBCloudTree;551;35619.53616666669
ProposedBCloudTree;552;35619.53616666669
ProposedBCloudTree;553;35789.79216666668
ProposedBCloudTree;556;35820.48233333335
ProposedBCloudTree;559;35820.48233333335
ProposedBCloudTree;560;35991.733333333344
ProposedBCloudTree;562;35991.733333333344
ProposedBCloudTree;563;36024.81183333334
ProposedBCloudTree;566;36024.81183333334
ProposedBCloudTree;567;36196.06283333335
ProposedBCloudTree;569;36229.14133333335
ProposedBCloudTree;571;36229.14133333335
ProposedBCloudTree;572;36229.14133333335
ProposedBCloudTree;573;36229.14133333335
ProposedBCloudTree;574;36314.73383333335
ProposedBCloudTree;575;36400.326333333345
ProposedBCloudTree;576;36433.11883333335
ProposedBCloudTree;580;36433.11883333335
ProposedBCloudTree;581;36518.71133333335
ProposedBCloudTree;582;36604.30383333335
ProposedBCloudTree;583;36637.09633333336
ProposedBCloudTree;588;36722.754833333354
ProposedBCloudTree;589;36755.83333333336
ProposedBCloudTree;591;36755.83333333336
ProposedBCloudTree;592;36755.83333333336
ProposedBCloudTree;593;36755.83333333336
ProposedBCloudTree;596;36876.48500000002
ProposedBCloudTree;601;36876.48500000002
ProposedBCloudTree;602;36994.870000000024
ProposedBCloudTree;603;36994.870000000024
ProposedBCloudTree;604;36994.870000000024
ProposedBCloudTree;609;37113.25500000002
ProposedBCloudTree;610;37113.25500000002
ProposedBCloudTree;612;37113.25500000002
ProposedBCloudTree;615;37113.25500000002
ProposedBCloudTree;616;37231.64000000002
ProposedBCloudTree;619;37231.64000000002
ProposedBCloudTree;621;37231.64000000002
ProposedBCloudTree;623;37231.64000000002
ProposedBCloudTree;624;37350.02500000002
ProposedBCloudTree;627;37350.02500000002
ProposedBCloudTree;630;37350.02500000002
ProposedBCloudTree;631;37468.41000000002
ProposedBCloudTree;633;37468.41000000002
ProposedBCloudTree;634;37468.41000000002
ProposedBCloudTree;639;37468.41000000002
ProposedBCloudTree;642;37468.41000000002
ProposedBCloudTree;644;37468.41000000002
ProposedBCloudTree;647;37468.41000000002
ProposedBCloudTree;649;37468.41000000002
ProposedBCloudTree;650;37468.41000000002
ProposedBCloudTree;655;37468.41000000002
ProposedBCloudTree;658;37468.41000000002
ProposedBCloudTree;667;37468.41000000002
ProposedBCloudTree;668;37468.41000000002
ProposedBCloudTree;669;37468.41000000002
ProposedBCloudTree;675;37468.41000000002
ProposedBCloudTree;676;37468.41000000002
ProposedBCloudTree;677;37468.41000000002
ProposedBCloudTree;684;37468.41000000002
ProposedBCloudTree;688;37468.41000000002
ProposedBCloudTree;692;37468.41000000002
ProposedBCloudTree;699;37468.41000000002
ProposedBCloudTree;700;37468.41000000002
ProposedBCloudTree;707;37468.41000000002
ProposedBCloudTree;709;37468.41000000002
ProposedBCloudTree;711;37468.41000000002
ProposedBCloudTree;715;37468.41000000002
ProposedBCloudTree;720;37468.41000000002
ProposedBCloudTree;721;37468.41000000002
ProposedBCloudTree;734;37468.41000000002
ProposedBCloudTree;736;37468.41000000002
ProposedBCloudTree;746;37468.41000000002
ProposedBCloudTree;747;37468.41000000002
ProposedBCloudTree;758;37468.41000000002
ProposedBCloudTree;760;37468.41000000002
ProposedBCloudTree;770;37468.41000000002
ProposedBCloudTree;780;37468.41000000002
ProposedBCloudTree;783;37468.41000000002
ProposedBCloudTree;791;37468.41000000002
ProposedBCloudTree;794;37468.41000000002
ProposedBCloudTree;802;37468.41000000002
ProposedBCloudTree;804;37468.41000000002
ProposedBCloudTree;811;37468.41000000002
ProposedBCloudTree;814;37468.41000000002
ProposedBCloudTree;819;37468.41000000002
ProposedBCloudTree;827;37468.41000000002
ProposedBCloudTree;828;37468.41000000002
ProposedBCloudTree;830;37468.41000000002
ProposedBCloudTree;836;37468.41000000002
ProposedBCloudTree;837;37468.41000000002
ProposedBCloudTree;838;37468.41000000002
ProposedBCloudTree;845;37468.41000000002
ProposedBCloudTree;847;37468.41000000002
ProposedBCloudTree;853;37468.41000000002
ProposedBCloudTree;855;37468.41000000002
ProposedBCloudTree;862;37468.41000000002
ProposedBCloudTree;865;37468.41000000002
ProposedBCloudTree;867;37468.41000000002
ProposedBCloudTree;870;37468.41000000002
ProposedBCloudTree;878;37468.41000000002
ProposedBCloudTree;879;37468.41000000002
ProposedBCloudTree;886;37468.41000000002
ProposedBCloudTree;889;37468.41000000002
ProposedBCloudTree;890;37468.41000000002
ProposedBCloudTree;894;37468.41000000002
ProposedBCloudTree;898;37468.41000000002
ProposedBCloudTree;902;37468.41000000002
ProposedBCloudTree;903;37468.41000000002
ProposedBCloudTree;907;37468.41000000002
ProposedBCloudTree;911;37468.41000000002
ProposedBCloudTree;918;37468.41000000002
ProposedBCloudTree;920;37468.41000000002
ProposedBCloudTree;928;37468.41000000002
ProposedBCloudTree;932;37468.41000000002
ProposedBCloudTree;936;37468.41000000002
ProposedBCloudTree;938;37468.41000000002
ProposedBCloudTree;944;37468.41000000002
ProposedBCloudTree;946;37468.41000000002
ProposedBCloudTree;956;37468.41000000002
ProposedBCloudTree;961;37468.41000000002
ProposedBCloudTree;963;37468.41000000002
ProposedBCloudTree;967;37468.41000000002
ProposedBCloudTree;971;37468.41000000002
ProposedBCloudTree;973;37468.41000000002
ProposedBCloudTree;979;37468.41000000002
ProposedBCloudTree;980;37468.41000000002
ProposedBCloudTree;990;37468.41000000002
ProposedBCloudTree;1033;37468.41000000002
ProposedBCloudTree;1042;37468.41000000002
ProposedBCloudTree;1043;37468.41000000002
ProposedBCloudTree;1051;37468.41000000002
ProposedBCloudTree;1053;37468.41000000002
ProposedBCloudTree;1061;37468.41000000002
ProposedBCloudTree;1070;37468.41000000002
ProposedBCloudTree;1092;37468.41000000002
ProposedBCloudTree;1100;37468.41000000002
ProposedBCloudTree;1110;37468.41000000002
ProposedBCloudTree;1118;37468.41000000002
ProposedBCloudTree;1126;37468.41000000002
ProposedBCloudTree;1135;37468.41000000002
ProposedBCloudTree;1259;37468.41000000002
ProposedBCloudTree;1280;37468.41000000002
ProposedBCloudTree;1289;37468.41000000002
