-- MySQL dump 10.13  Distrib 5.7.17, for Win64 (x86_64)
--
-- Host: localhost    Database: cc
-- ------------------------------------------------------
-- Server version	5.7.17-log

/*!40101 SET @OLD_CHARACTER_SET_CLIENT=@@CHARACTER_SET_CLIENT */;
/*!40101 SET @OLD_CHARACTER_SET_RESULTS=@@CHARACTER_SET_RESULTS */;
/*!40101 SET @OLD_COLLATION_CONNECTION=@@COLLATION_CONNECTION */;
/*!40101 SET NAMES utf8 */;
/*!40103 SET @OLD_TIME_ZONE=@@TIME_ZONE */;
/*!40103 SET TIME_ZONE='+00:00' */;
/*!40014 SET @OLD_UNIQUE_CHECKS=@@UNIQUE_CHECKS, UNIQUE_CHECKS=0 */;
/*!40014 SET @OLD_FOREIGN_KEY_CHECKS=@@FOREIGN_KEY_CHECKS, FOREIGN_KEY_CHECKS=0 */;
/*!40101 SET @OLD_SQL_MODE=@@SQL_MODE, SQL_MODE='NO_AUTO_VALUE_ON_ZERO' */;
/*!40111 SET @OLD_SQL_NOTES=@@SQL_NOTES, SQL_NOTES=0 */;

--
-- Table structure for table `experiment`
--

DROP TABLE IF EXISTS `experiment`;
/*!40101 SET @saved_cs_client     = @@character_set_client */;
/*!40101 SET character_set_client = utf8 */;
CREATE TABLE `experiment` (
  `id` int(11) NOT NULL AUTO_INCREMENT,
  `moment` datetime NOT NULL DEFAULT CURRENT_TIMESTAMP,
  PRIMARY KEY (`id`)
) ENGINE=InnoDB AUTO_INCREMENT=16 DEFAULT CHARSET=utf8;
/*!40101 SET character_set_client = @saved_cs_client */;

--
-- Dumping data for table `experiment`
--

LOCK TABLES `experiment` WRITE;
/*!40000 ALTER TABLE `experiment` DISABLE KEYS */;
INSERT INTO `experiment` VALUES (14,'2017-03-14 19:22:20'),(15,'2017-03-27 22:52:55');
/*!40000 ALTER TABLE `experiment` ENABLE KEYS */;
UNLOCK TABLES;

--
-- Temporary view structure for view `experiment_complete`
--

DROP TABLE IF EXISTS `experiment_complete`;
/*!50001 DROP VIEW IF EXISTS `experiment_complete`*/;
SET @saved_cs_client     = @@character_set_client;
SET character_set_client = utf8;
/*!50001 CREATE VIEW `experiment_complete` AS SELECT 
 1 AS `experiment`,
 1 AS `approach`,
 1 AS `time`,
 1 AS `score`*/;
SET character_set_client = @saved_cs_client;

--
-- Table structure for table `instance`
--

DROP TABLE IF EXISTS `instance`;
/*!40101 SET @saved_cs_client     = @@character_set_client */;
/*!40101 SET character_set_client = utf8 */;
CREATE TABLE `instance` (
  `id` int(11) NOT NULL AUTO_INCREMENT,
  `label` varchar(45) DEFAULT NULL,
  `vCPU` int(11) DEFAULT NULL,
  `ECU` decimal(5,2) DEFAULT NULL,
  `RAM` int(11) DEFAULT NULL,
  `HDD` int(11) DEFAULT NULL,
  `BW` int(11) DEFAULT NULL,
  PRIMARY KEY (`id`)
) ENGINE=InnoDB AUTO_INCREMENT=9 DEFAULT CHARSET=utf8;
/*!40101 SET character_set_client = @saved_cs_client */;

--
-- Dumping data for table `instance`
--

LOCK TABLES `instance` WRITE;
/*!40000 ALTER TABLE `instance` DISABLE KEYS */;
INSERT INTO `instance` VALUES (1,'Small-2',1,2.20,1,50,5120),(2,'Small-3',1,2.20,2,50,5120),(3,'Medium-1',2,4.40,2,50,5120),(4,'Medium-3',4,8.80,8,80,5120),(5,'Large-1',8,17.60,16,160,5120),(6,'Large-2',12,26.40,32,320,5120),(7,'Large-3',16,35.20,48,480,5120),(8,'XLarge',20,44.00,64,640,5120);
/*!40000 ALTER TABLE `instance` ENABLE KEYS */;
UNLOCK TABLES;

--
-- Temporary view structure for view `instance_complete`
--

DROP TABLE IF EXISTS `instance_complete`;
/*!50001 DROP VIEW IF EXISTS `instance_complete`*/;
SET @saved_cs_client     = @@character_set_client;
SET character_set_client = utf8;
/*!50001 CREATE VIEW `instance_complete` AS SELECT 
 1 AS `code`,
 1 AS `provider_id`,
 1 AS `location_id`,
 1 AS `instance_id`,
 1 AS `name`,
 1 AS `Instance`,
 1 AS `vCPU`,
 1 AS `ECU`,
 1 AS `RAM`,
 1 AS `HDD`,
 1 AS `BW`,
 1 AS `hour_price`,
 1 AS `month_price`,
 1 AS `bw_price`,
 1 AS `Location`*/;
SET character_set_client = @saved_cs_client;

--
-- Table structure for table `location`
--

DROP TABLE IF EXISTS `location`;
/*!40101 SET @saved_cs_client     = @@character_set_client */;
/*!40101 SET character_set_client = utf8 */;
CREATE TABLE `location` (
  `id` int(11) NOT NULL AUTO_INCREMENT,
  `city` varchar(45) DEFAULT NULL,
  `country` varchar(45) DEFAULT NULL,
  PRIMARY KEY (`id`)
) ENGINE=InnoDB AUTO_INCREMENT=11 DEFAULT CHARSET=utf8;
/*!40101 SET character_set_client = @saved_cs_client */;

--
-- Dumping data for table `location`
--

LOCK TABLES `location` WRITE;
/*!40000 ALTER TABLE `location` DISABLE KEYS */;
INSERT INTO `location` VALUES (1,'Zurich','Switzerland'),(2,'Washington DC','USA'),(3,'San Jose','USA'),(4,'Miami','USA'),(5,'Honolulu','USA'),(6,'Perth','Australia'),(7,'Manila','Philippines'),(8,'Warsaw','Poland'),(9,'Frankfurt','Germany'),(10,'Tlemcen','Algeria');
/*!40000 ALTER TABLE `location` ENABLE KEYS */;
UNLOCK TABLES;

--
-- Table structure for table `location_pricing`
--

DROP TABLE IF EXISTS `location_pricing`;
/*!40101 SET @saved_cs_client     = @@character_set_client */;
/*!40101 SET character_set_client = utf8 */;
CREATE TABLE `location_pricing` (
  `provider` int(11) NOT NULL,
  `instance` int(11) NOT NULL,
  `location` int(11) NOT NULL,
  `hour_price` decimal(10,5) DEFAULT NULL,
  `month_price` decimal(10,5) DEFAULT NULL,
  `bw_price` decimal(10,5) DEFAULT NULL,
  PRIMARY KEY (`provider`,`location`,`instance`),
  KEY `fk_bw_location_idx` (`location`),
  KEY `fk_bw_instance_idx` (`instance`),
  CONSTRAINT `fk_bw_instance` FOREIGN KEY (`instance`) REFERENCES `instance` (`id`) ON DELETE CASCADE ON UPDATE CASCADE,
  CONSTRAINT `fk_bw_location` FOREIGN KEY (`location`) REFERENCES `location` (`id`) ON DELETE CASCADE ON UPDATE CASCADE,
  CONSTRAINT `fk_bw_provider` FOREIGN KEY (`provider`) REFERENCES `provider` (`id`) ON DELETE CASCADE ON UPDATE CASCADE
) ENGINE=InnoDB DEFAULT CHARSET=utf8;
/*!40101 SET character_set_client = @saved_cs_client */;

--
-- Dumping data for table `location_pricing`
--

LOCK TABLES `location_pricing` WRITE;
/*!40000 ALTER TABLE `location_pricing` DISABLE KEYS */;
INSERT INTO `location_pricing` VALUES (1,1,1,0.01950,14.00000,0.04430),(1,2,1,0.02900,20.00000,0.04430),(1,3,1,0.04800,34.00000,0.04430),(1,4,1,0.15800,96.00000,0.04430),(1,5,1,0.34200,203.00000,0.04430),(1,6,1,0.63500,361.00000,0.04430),(1,7,1,0.92700,519.00000,0.04430),(1,8,1,1.21900,677.00000,0.04430),(1,1,2,0.01300,14.00000,0.04000),(1,2,2,0.02000,20.00000,0.04000),(1,3,2,0.03200,34.00000,0.04000),(1,4,2,0.10900,96.00000,0.04000),(1,5,2,0.24400,203.00000,0.04000),(1,6,2,0.46100,361.00000,0.04000),(1,7,2,0.67900,519.00000,0.04000),(1,8,2,0.89700,677.00000,0.04000),(1,1,3,0.01300,14.00000,0.04000),(1,2,3,0.02000,20.00000,0.04000),(1,3,3,0.03200,34.00000,0.04000),(1,4,3,0.10900,96.00000,0.04000),(1,5,3,0.24400,203.00000,0.04000),(1,6,3,0.46100,361.00000,0.04000),(1,7,3,0.67900,519.00000,0.04000),(1,8,3,0.89700,677.00000,0.04000),(1,1,4,0.01300,14.00000,0.04000),(1,2,4,0.02000,20.00000,0.04000),(1,3,4,0.03200,34.00000,0.04000),(1,4,4,0.10900,96.00000,0.04000),(1,5,4,0.24400,203.00000,0.04000),(1,6,4,0.46100,361.00000,0.04000),(1,7,4,0.67900,519.00000,0.04000),(1,8,4,0.89700,677.00000,0.04000),(1,1,5,0.05300,14.00000,0.07150),(1,2,5,0.02000,20.00000,0.07150),(1,3,5,0.03200,34.00000,0.07150),(1,4,5,0.10900,96.00000,0.07150),(1,5,5,0.24400,203.00000,0.07150),(1,6,5,0.46100,361.00000,0.07150),(1,7,5,0.67900,519.00000,0.07150),(1,8,5,0.89700,677.00000,0.07150),(1,1,6,0.75100,14.00000,0.01118),(1,2,6,0.76800,20.00000,0.01118),(1,3,6,0.79300,34.00000,0.01118),(1,4,6,0.95600,96.00000,0.01118),(1,5,6,1.22100,203.00000,0.01118),(1,6,6,1.64800,361.00000,0.01118),(1,7,6,2.07500,519.00000,0.01118),(1,8,6,2.50200,677.00000,0.01118),(1,1,7,0.04700,14.00000,0.01708),(1,2,7,0.07200,20.00000,0.01708),(1,3,7,0.09500,34.00000,0.01708),(1,4,7,0.29900,96.00000,0.01708),(1,5,7,0.61900,203.00000,0.01708),(1,6,7,1.16800,361.00000,0.01708),(1,7,7,1.71700,519.00000,0.01708),(1,8,7,2.26600,677.00000,0.01708),(1,1,8,0.02400,14.00000,0.04020),(1,2,8,0.03200,20.00000,0.04020),(1,3,8,0.04800,34.00000,0.04020),(1,4,8,0.13400,96.00000,0.04020),(1,5,8,0.27600,203.00000,0.04020),(1,6,8,0.49800,361.00000,0.04020),(1,7,8,0.72000,519.00000,0.04020),(1,8,8,0.94200,677.00000,0.04020),(1,1,9,0.02000,14.00000,0.04180),(1,2,9,0.02700,20.00000,0.04180),(1,3,9,0.04000,34.00000,0.04180),(1,4,9,0.11400,96.00000,0.04180),(1,5,9,0.23900,203.00000,0.04180),(1,6,9,0.43800,361.00000,0.04180),(1,7,9,0.63600,519.00000,0.04180),(1,8,9,0.83400,677.00000,0.04180);
/*!40000 ALTER TABLE `location_pricing` ENABLE KEYS */;
UNLOCK TABLES;

--
-- Table structure for table `network_performance`
--

DROP TABLE IF EXISTS `network_performance`;
/*!40101 SET @saved_cs_client     = @@character_set_client */;
/*!40101 SET character_set_client = utf8 */;
CREATE TABLE `network_performance` (
  `provider_location` int(11) NOT NULL,
  `client_location` int(11) NOT NULL,
  `network_time_period` int(11) NOT NULL,
  `availability` decimal(6,3) DEFAULT '99.950',
  PRIMARY KEY (`provider_location`,`client_location`),
  KEY `fk_network_time_wsn_idx` (`client_location`),
  CONSTRAINT `fk_network_performance_location` FOREIGN KEY (`client_location`) REFERENCES `location` (`id`) ON DELETE CASCADE ON UPDATE CASCADE,
  CONSTRAINT `fk_network_time_location` FOREIGN KEY (`provider_location`) REFERENCES `location` (`id`) ON DELETE CASCADE ON UPDATE CASCADE
) ENGINE=InnoDB DEFAULT CHARSET=utf8;
/*!40101 SET character_set_client = @saved_cs_client */;

--
-- Dumping data for table `network_performance`
--

LOCK TABLES `network_performance` WRITE;
/*!40000 ALTER TABLE `network_performance` DISABLE KEYS */;
INSERT INTO `network_performance` VALUES (1,10,120,99.950),(2,10,132,99.990),(3,10,100,99.940),(4,10,83,90.000),(5,10,42,89.000),(6,10,56,95.890),(7,10,189,80.000),(8,10,200,99.950),(9,10,23,97.990);
/*!40000 ALTER TABLE `network_performance` ENABLE KEYS */;
UNLOCK TABLES;

--
-- Table structure for table `node`
--

DROP TABLE IF EXISTS `node`;
/*!40101 SET @saved_cs_client     = @@character_set_client */;
/*!40101 SET character_set_client = utf8 */;
CREATE TABLE `node` (
  `id` int(11) NOT NULL AUTO_INCREMENT,
  `provider` varchar(45) DEFAULT NULL,
  `reference` varchar(45) DEFAULT NULL,
  `transmitting_period` int(11) DEFAULT NULL,
  `protocole` int(11) DEFAULT NULL,
  PRIMARY KEY (`id`),
  UNIQUE KEY `reference_UNIQUE` (`reference`),
  KEY `fk_node_protocole_idx` (`protocole`),
  CONSTRAINT `fk_node_protocole` FOREIGN KEY (`protocole`) REFERENCES `wireless_protocole` (`id`) ON DELETE CASCADE ON UPDATE CASCADE
) ENGINE=InnoDB AUTO_INCREMENT=9 DEFAULT CHARSET=utf8;
/*!40101 SET character_set_client = @saved_cs_client */;

--
-- Dumping data for table `node`
--

LOCK TABLES `node` WRITE;
/*!40000 ALTER TABLE `node` DISABLE KEYS */;
INSERT INTO `node` VALUES (1,'Arago Systems','WisMote',90,1),(2,'Arago Systems','WisMote+WisGate',2000,2),(3,'Arago Systems','WisMote+SHT15',90,1),(4,'Arago Systems','WisMote+SHT21',90,1),(5,'Arago Systems','WisMote+SHT75',90,1),(6,'Arago Systems','WisMote+SHT15+WiseGate',2000,2),(7,'Arago Systems','WisMote+SHT21+WiseGate',2000,2),(8,'Arago Systems','WisMote+SHT75+WiseGate',2000,2);
/*!40000 ALTER TABLE `node` ENABLE KEYS */;
UNLOCK TABLES;

--
-- Table structure for table `node_sensor`
--

DROP TABLE IF EXISTS `node_sensor`;
/*!40101 SET @saved_cs_client     = @@character_set_client */;
/*!40101 SET character_set_client = utf8 */;
CREATE TABLE `node_sensor` (
  `node` int(11) NOT NULL,
  `sensor` varchar(45) NOT NULL,
  PRIMARY KEY (`node`,`sensor`)
) ENGINE=InnoDB DEFAULT CHARSET=utf8;
/*!40101 SET character_set_client = @saved_cs_client */;

--
-- Dumping data for table `node_sensor`
--

LOCK TABLES `node_sensor` WRITE;
/*!40000 ALTER TABLE `node_sensor` DISABLE KEYS */;
INSERT INTO `node_sensor` VALUES (1,'4'),(1,'5'),(2,'4'),(2,'5'),(3,'1'),(3,'4'),(3,'5'),(4,'2'),(4,'4'),(4,'5'),(5,'3'),(5,'4'),(5,'5'),(6,'1'),(6,'4'),(6,'5'),(7,'2'),(7,'4'),(7,'5'),(8,'3'),(8,'4'),(8,'5');
/*!40000 ALTER TABLE `node_sensor` ENABLE KEYS */;
UNLOCK TABLES;

--
-- Temporary view structure for view `node_sensor_complete`
--

DROP TABLE IF EXISTS `node_sensor_complete`;
/*!50001 DROP VIEW IF EXISTS `node_sensor_complete`*/;
SET @saved_cs_client     = @@character_set_client;
SET character_set_client = utf8;
/*!50001 CREATE VIEW `node_sensor_complete` AS SELECT 
 1 AS `id`,
 1 AS `name`,
 1 AS `actuation`*/;
SET character_set_client = @saved_cs_client;

--
-- Table structure for table `provider`
--

DROP TABLE IF EXISTS `provider`;
/*!40101 SET @saved_cs_client     = @@character_set_client */;
/*!40101 SET character_set_client = utf8 */;
CREATE TABLE `provider` (
  `id` int(11) NOT NULL AUTO_INCREMENT,
  `name` varchar(45) DEFAULT NULL,
  PRIMARY KEY (`id`)
) ENGINE=InnoDB AUTO_INCREMENT=2 DEFAULT CHARSET=utf8;
/*!40101 SET character_set_client = @saved_cs_client */;

--
-- Dumping data for table `provider`
--

LOCK TABLES `provider` WRITE;
/*!40000 ALTER TABLE `provider` DISABLE KEYS */;
INSERT INTO `provider` VALUES (1,'CloudSigma');
/*!40000 ALTER TABLE `provider` ENABLE KEYS */;
UNLOCK TABLES;

--
-- Table structure for table `quality_measure`
--

DROP TABLE IF EXISTS `quality_measure`;
/*!40101 SET @saved_cs_client     = @@character_set_client */;
/*!40101 SET character_set_client = utf8 */;
CREATE TABLE `quality_measure` (
  `id` int(11) NOT NULL AUTO_INCREMENT,
  `label` varchar(10) DEFAULT NULL,
  `description` text,
  PRIMARY KEY (`id`)
) ENGINE=InnoDB AUTO_INCREMENT=4 DEFAULT CHARSET=utf8;
/*!40101 SET character_set_client = @saved_cs_client */;

--
-- Dumping data for table `quality_measure`
--

LOCK TABLES `quality_measure` WRITE;
/*!40000 ALTER TABLE `quality_measure` DISABLE KEYS */;
INSERT INTO `quality_measure` VALUES (1,'RT','Cloud Computing Service Response Time'),(2,'Av','Cloud Computing Service Availability'),(3,'SM','Saved Money');
/*!40000 ALTER TABLE `quality_measure` ENABLE KEYS */;
UNLOCK TABLES;

--
-- Table structure for table `result`
--

DROP TABLE IF EXISTS `result`;
/*!40101 SET @saved_cs_client     = @@character_set_client */;
/*!40101 SET character_set_client = utf8 */;
CREATE TABLE `result` (
  `experiment` int(11) NOT NULL,
  `approach` varchar(50) NOT NULL,
  `instance` int(11) NOT NULL,
  `user` int(11) NOT NULL,
  `location` int(11) NOT NULL,
  `provider` int(11) NOT NULL,
  `wsn` int(11) NOT NULL,
  `time` bigint(64) NOT NULL,
  `score` double NOT NULL,
  PRIMARY KEY (`experiment`,`approach`,`instance`,`user`,`location`,`provider`,`wsn`),
  KEY `fk_instance_idx` (`instance`),
  KEY `fk_user_idx` (`user`),
  KEY `fk_user_result_idx` (`user`),
  KEY `fk_location_idx` (`location`),
  KEY `fk_provider_idx` (`provider`),
  KEY `fk_wsn_idx` (`wsn`),
  KEY `fk_wsn_result_idx` (`wsn`),
  CONSTRAINT `fk_experiment` FOREIGN KEY (`experiment`) REFERENCES `experiment` (`id`) ON DELETE CASCADE ON UPDATE CASCADE,
  CONSTRAINT `fk_instance` FOREIGN KEY (`instance`) REFERENCES `instance` (`id`) ON DELETE CASCADE ON UPDATE CASCADE,
  CONSTRAINT `fk_location` FOREIGN KEY (`location`) REFERENCES `location` (`id`) ON DELETE CASCADE ON UPDATE CASCADE,
  CONSTRAINT `fk_provider` FOREIGN KEY (`provider`) REFERENCES `provider` (`id`) ON DELETE CASCADE ON UPDATE CASCADE,
  CONSTRAINT `fk_user_result` FOREIGN KEY (`user`) REFERENCES `user` (`id`) ON DELETE CASCADE ON UPDATE CASCADE,
  CONSTRAINT `fk_wsn_result` FOREIGN KEY (`wsn`) REFERENCES `wsn` (`id`) ON DELETE CASCADE ON UPDATE CASCADE
) ENGINE=InnoDB DEFAULT CHARSET=utf8;
/*!40101 SET character_set_client = @saved_cs_client */;

--
-- Dumping data for table `result`
--

LOCK TABLES `result` WRITE;
/*!40000 ALTER TABLE `result` DISABLE KEYS */;
INSERT INTO `result` VALUES (14,'OriginalBCloudTree',1,1,1,1,3,262,85.5925),(14,'OriginalBCloudTree',1,1,1,1,4,367,85.5925),(14,'OriginalBCloudTree',1,1,2,1,3,100,85.6585),(14,'OriginalBCloudTree',1,1,2,1,4,108,85.6585),(14,'OriginalBCloudTree',1,1,3,1,3,35,85.491),(14,'OriginalBCloudTree',1,1,3,1,4,47,85.491),(14,'OriginalBCloudTree',1,1,4,1,3,11,83.91499999999999),(14,'OriginalBCloudTree',1,1,4,1,4,16,83.91499999999999),(14,'OriginalBCloudTree',1,1,5,1,3,87,83.56),(14,'OriginalBCloudTree',1,1,5,1,4,96,83.56),(14,'OriginalBCloudTree',1,1,6,1,3,213,84.6635),(14,'OriginalBCloudTree',1,1,6,1,4,331,84.6635),(14,'OriginalBCloudTree',1,1,7,1,3,22,82.945),(14,'OriginalBCloudTree',1,1,7,1,4,37,82.945),(14,'OriginalBCloudTree',1,1,8,1,3,153,85.9925),(14,'OriginalBCloudTree',1,1,8,1,4,279,85.9925),(14,'OriginalBCloudTree',1,1,9,1,3,0,84.8135),(14,'OriginalBCloudTree',1,1,9,1,4,1,84.8135),(14,'OriginalBCloudTree',1,2,1,1,3,164,85.565),(14,'OriginalBCloudTree',1,2,1,1,4,311,85.565),(14,'OriginalBCloudTree',1,2,2,1,3,70,85.65299999999999),(14,'OriginalBCloudTree',1,2,2,1,4,82,85.65299999999999),(14,'OriginalBCloudTree',1,2,3,1,3,26,85.458),(14,'OriginalBCloudTree',1,2,3,1,4,27,85.458),(14,'OriginalBCloudTree',1,2,4,1,3,9,78.41499999999999),(14,'OriginalBCloudTree',1,2,4,1,4,9,78.41499999999999),(14,'OriginalBCloudTree',1,2,5,1,3,60,77.51),(14,'OriginalBCloudTree',1,2,5,1,4,72,77.51),(14,'OriginalBCloudTree',1,2,6,1,3,138,82.403),(14,'OriginalBCloudTree',1,2,6,1,4,273,82.403),(14,'OriginalBCloudTree',1,2,7,1,3,17,71.945),(14,'OriginalBCloudTree',1,2,7,1,4,18,71.945),(14,'OriginalBCloudTree',1,2,8,1,3,102,85.965),(14,'OriginalBCloudTree',1,2,8,1,4,119,85.965),(14,'OriginalBCloudTree',1,2,9,1,3,0,83.70799999999998),(14,'OriginalBCloudTree',1,2,9,1,4,0,83.70799999999998),(14,'OriginalBCloudTree',1,3,1,1,3,139,32.792500000000004),(14,'OriginalBCloudTree',1,3,1,1,4,148,32.792500000000004),(14,'OriginalBCloudTree',1,3,2,1,3,59,33.0785),(14,'OriginalBCloudTree',1,3,2,1,4,61,33.0785),(14,'OriginalBCloudTree',1,3,3,1,3,23,32.32433333333333),(14,'OriginalBCloudTree',1,3,3,1,4,26,32.32433333333333),(14,'OriginalBCloudTree',1,3,4,1,3,7,30.436666666666667),(14,'OriginalBCloudTree',1,3,4,1,4,9,30.436666666666667),(14,'OriginalBCloudTree',1,3,5,1,3,52,29.33),(14,'OriginalBCloudTree',1,3,5,1,4,54,29.33),(14,'OriginalBCloudTree',1,3,6,1,3,117,30.690166666666666),(14,'OriginalBCloudTree',1,3,6,1,4,121,30.690166666666666),(14,'OriginalBCloudTree',1,3,7,1,3,15,31.41),(14,'OriginalBCloudTree',1,3,7,1,4,17,31.41),(14,'OriginalBCloudTree',1,3,8,1,3,88,34.659166666666664),(14,'OriginalBCloudTree',1,3,8,1,4,92,34.659166666666664),(14,'OriginalBCloudTree',1,3,9,1,3,0,30.235166666666665),(14,'OriginalBCloudTree',1,3,9,1,4,0,30.235166666666665),(14,'OriginalBCloudTree',2,1,1,1,3,320,85.5925),(14,'OriginalBCloudTree',2,1,1,1,4,413,85.5925),(14,'OriginalBCloudTree',2,1,2,1,3,229,85.6585),(14,'OriginalBCloudTree',2,1,2,1,4,343,85.6585),(14,'OriginalBCloudTree',2,1,3,1,3,114,85.491),(14,'OriginalBCloudTree',2,1,3,1,4,131,85.491),(14,'OriginalBCloudTree',2,1,4,1,3,75,83.91499999999999),(14,'OriginalBCloudTree',2,1,4,1,4,82,83.91499999999999),(14,'OriginalBCloudTree',2,1,5,1,3,63,83.56),(14,'OriginalBCloudTree',2,1,5,1,4,68,83.56),(14,'OriginalBCloudTree',2,1,6,1,3,289,84.6635),(14,'OriginalBCloudTree',2,1,6,1,4,392,84.6635),(14,'OriginalBCloudTree',2,1,7,1,3,125,82.945),(14,'OriginalBCloudTree',2,1,7,1,4,157,82.945),(14,'OriginalBCloudTree',2,1,8,1,3,276,85.9925),(14,'OriginalBCloudTree',2,1,8,1,4,381,85.9925),(14,'OriginalBCloudTree',2,1,9,1,3,48,84.8135),(14,'OriginalBCloudTree',2,1,9,1,4,56,84.8135),(14,'OriginalBCloudTree',2,2,1,1,3,272,85.565),(14,'OriginalBCloudTree',2,2,1,1,4,341,85.565),(14,'OriginalBCloudTree',2,2,2,1,3,145,85.65299999999999),(14,'OriginalBCloudTree',2,2,2,1,4,282,85.65299999999999),(14,'OriginalBCloudTree',2,2,3,1,3,78,85.458),(14,'OriginalBCloudTree',2,2,3,1,4,92,85.458),(14,'OriginalBCloudTree',2,2,4,1,3,51,78.41499999999999),(14,'OriginalBCloudTree',2,2,4,1,4,54,78.41499999999999),(14,'OriginalBCloudTree',2,2,5,1,3,43,77.51),(14,'OriginalBCloudTree',2,2,5,1,4,43,77.51),(14,'OriginalBCloudTree',2,2,6,1,3,196,82.403),(14,'OriginalBCloudTree',2,2,6,1,4,325,82.403),(14,'OriginalBCloudTree',2,2,7,1,3,86,71.945),(14,'OriginalBCloudTree',2,2,7,1,4,102,71.945),(14,'OriginalBCloudTree',2,2,8,1,3,177,85.965),(14,'OriginalBCloudTree',2,2,8,1,4,318,85.965),(14,'OriginalBCloudTree',2,2,9,1,3,34,83.70799999999998),(14,'OriginalBCloudTree',2,2,9,1,4,35,83.70799999999998),(14,'OriginalBCloudTree',2,3,1,1,3,170,32.792500000000004),(14,'OriginalBCloudTree',2,3,1,1,4,184,32.792500000000004),(14,'OriginalBCloudTree',2,3,2,1,3,124,33.0785),(14,'OriginalBCloudTree',2,3,2,1,4,129,33.0785),(14,'OriginalBCloudTree',2,3,3,1,3,66,32.32433333333333),(14,'OriginalBCloudTree',2,3,3,1,4,69,32.32433333333333),(14,'OriginalBCloudTree',2,3,4,1,3,45,30.436666666666667),(14,'OriginalBCloudTree',2,3,4,1,4,47,30.436666666666667),(14,'OriginalBCloudTree',2,3,5,1,3,37,29.33),(14,'OriginalBCloudTree',2,3,5,1,4,40,29.33),(14,'OriginalBCloudTree',2,3,6,1,3,155,30.690166666666666),(14,'OriginalBCloudTree',2,3,6,1,4,166,30.690166666666666),(14,'OriginalBCloudTree',2,3,7,1,3,73,31.41),(14,'OriginalBCloudTree',2,3,7,1,4,76,31.41),(14,'OriginalBCloudTree',2,3,8,1,3,147,34.659166666666664),(14,'OriginalBCloudTree',2,3,8,1,4,157,34.659166666666664),(14,'OriginalBCloudTree',2,3,9,1,3,30,30.235166666666665),(14,'OriginalBCloudTree',2,3,9,1,4,33,30.235166666666665),(14,'OriginalBCloudTree',3,1,1,1,3,444,85.5925),(14,'OriginalBCloudTree',3,1,1,1,4,517,85.5925),(14,'OriginalBCloudTree',3,1,2,1,3,303,85.6585),(14,'OriginalBCloudTree',3,1,2,1,4,402,85.6585),(14,'OriginalBCloudTree',3,1,3,1,3,241,85.491),(14,'OriginalBCloudTree',3,1,3,1,4,353,85.491),(14,'OriginalBCloudTree',3,1,4,1,3,163,83.91499999999999),(14,'OriginalBCloudTree',3,1,4,1,4,290,83.91499999999999),(14,'OriginalBCloudTree',3,1,5,1,3,136,83.56),(14,'OriginalBCloudTree',3,1,5,1,4,268,83.56),(14,'OriginalBCloudTree',3,1,6,1,3,330,84.6635),(14,'OriginalBCloudTree',3,1,6,1,4,427,84.6635),(14,'OriginalBCloudTree',3,1,7,1,3,200,82.945),(14,'OriginalBCloudTree',3,1,7,1,4,321,82.945),(14,'OriginalBCloudTree',3,1,8,1,3,340,85.9925),(14,'OriginalBCloudTree',3,1,8,1,4,437,85.9925),(14,'OriginalBCloudTree',3,1,9,1,3,188,84.8135),(14,'OriginalBCloudTree',3,1,9,1,4,312,84.8135),(14,'OriginalBCloudTree',3,2,1,1,3,341,85.565),(14,'OriginalBCloudTree',3,2,1,1,4,402,85.565),(14,'OriginalBCloudTree',3,2,2,1,3,258,85.65299999999999),(14,'OriginalBCloudTree',3,2,2,1,4,333,85.65299999999999),(14,'OriginalBCloudTree',3,2,3,1,3,153,85.458),(14,'OriginalBCloudTree',3,2,3,1,4,303,85.458),(14,'OriginalBCloudTree',3,2,4,1,3,111,78.41499999999999),(14,'OriginalBCloudTree',3,2,4,1,4,190,78.41499999999999),(14,'OriginalBCloudTree',3,2,5,1,3,95,77.51),(14,'OriginalBCloudTree',3,2,5,1,4,110,77.51),(14,'OriginalBCloudTree',3,2,6,1,3,282,82.403),(14,'OriginalBCloudTree',3,2,6,1,4,348,82.403),(14,'OriginalBCloudTree',3,2,7,1,3,130,71.945),(14,'OriginalBCloudTree',3,2,7,1,4,264,71.945),(14,'OriginalBCloudTree',3,2,8,1,3,291,85.965),(14,'OriginalBCloudTree',3,2,8,1,4,355,85.965),(14,'OriginalBCloudTree',3,2,9,1,3,121,83.70799999999998),(14,'OriginalBCloudTree',3,2,9,1,4,254,83.70799999999998),(14,'OriginalBCloudTree',3,3,1,1,3,233,32.792500000000004),(14,'OriginalBCloudTree',3,3,1,1,4,250,32.792500000000004),(14,'OriginalBCloudTree',3,3,2,1,3,163,33.0785),(14,'OriginalBCloudTree',3,3,2,1,4,174,33.0785),(14,'OriginalBCloudTree',3,3,3,1,3,132,32.32433333333333),(14,'OriginalBCloudTree',3,3,3,1,4,138,32.32433333333333),(14,'OriginalBCloudTree',3,3,4,1,3,95,30.436666666666667),(14,'OriginalBCloudTree',3,3,4,1,4,99,30.436666666666667),(14,'OriginalBCloudTree',3,3,5,1,3,80,29.33),(14,'OriginalBCloudTree',3,3,5,1,4,84,29.33),(14,'OriginalBCloudTree',3,3,6,1,3,177,30.690166666666666),(14,'OriginalBCloudTree',3,3,6,1,4,193,30.690166666666666),(14,'OriginalBCloudTree',3,3,7,1,3,110,31.41),(14,'OriginalBCloudTree',3,3,7,1,4,114,31.41),(14,'OriginalBCloudTree',3,3,8,1,3,186,34.659166666666664),(14,'OriginalBCloudTree',3,3,8,1,4,201,34.659166666666664),(14,'OriginalBCloudTree',3,3,9,1,3,102,30.235166666666665),(14,'OriginalBCloudTree',3,3,9,1,4,107,30.235166666666665),(14,'OriginalBCloudTree',4,1,1,1,2,291,85.5925),(14,'OriginalBCloudTree',4,1,1,1,3,569,85.5925),(14,'OriginalBCloudTree',4,1,1,1,4,627,85.5925),(14,'OriginalBCloudTree',4,1,2,1,2,178,85.6585),(14,'OriginalBCloudTree',4,1,2,1,3,476,85.6585),(14,'OriginalBCloudTree',4,1,2,1,4,552,85.6585),(14,'OriginalBCloudTree',4,1,3,1,2,115,85.491),(14,'OriginalBCloudTree',4,1,3,1,3,430,85.491),(14,'OriginalBCloudTree',4,1,3,1,4,507,85.491),(14,'OriginalBCloudTree',4,1,4,1,2,65,83.91499999999999),(14,'OriginalBCloudTree',4,1,4,1,3,406,83.91499999999999),(14,'OriginalBCloudTree',4,1,4,1,4,468,83.91499999999999),(14,'OriginalBCloudTree',4,1,5,1,2,42,83.56),(14,'OriginalBCloudTree',4,1,5,1,3,396,83.56),(14,'OriginalBCloudTree',4,1,5,1,4,457,83.56),(14,'OriginalBCloudTree',4,1,6,1,2,132,84.6635),(14,'OriginalBCloudTree',4,1,6,1,3,456,84.6635),(14,'OriginalBCloudTree',4,1,6,1,4,528,84.6635),(14,'OriginalBCloudTree',4,1,7,1,2,89,82.945),(14,'OriginalBCloudTree',4,1,7,1,3,418,82.945),(14,'OriginalBCloudTree',4,1,7,1,4,479,82.945),(14,'OriginalBCloudTree',4,1,8,1,2,205,85.9925),(14,'OriginalBCloudTree',4,1,8,1,3,487,85.9925),(14,'OriginalBCloudTree',4,1,8,1,4,572,85.9925),(14,'OriginalBCloudTree',4,1,9,1,2,2,84.8135),(14,'OriginalBCloudTree',4,1,9,1,3,350,84.8135),(14,'OriginalBCloudTree',4,1,9,1,4,447,84.8135),(14,'OriginalBCloudTree',4,2,1,1,2,249,85.565),(14,'OriginalBCloudTree',4,2,1,1,3,424,85.565),(14,'OriginalBCloudTree',4,2,1,1,4,473,85.565),(14,'OriginalBCloudTree',4,2,2,1,2,192,85.65299999999999),(14,'OriginalBCloudTree',4,2,2,1,3,364,85.65299999999999),(14,'OriginalBCloudTree',4,2,2,1,4,427,85.65299999999999),(14,'OriginalBCloudTree',4,2,3,1,2,161,85.458),(14,'OriginalBCloudTree',4,2,3,1,3,333,85.458),(14,'OriginalBCloudTree',4,2,3,1,4,394,85.458),(14,'OriginalBCloudTree',4,2,4,1,2,70,78.41499999999999),(14,'OriginalBCloudTree',4,2,4,1,3,317,78.41499999999999),(14,'OriginalBCloudTree',4,2,4,1,4,376,78.41499999999999),(14,'OriginalBCloudTree',4,2,5,1,2,28,77.51),(14,'OriginalBCloudTree',4,2,5,1,3,308,77.51),(14,'OriginalBCloudTree',4,2,5,1,4,368,77.51),(14,'OriginalBCloudTree',4,2,6,1,2,175,82.403),(14,'OriginalBCloudTree',4,2,6,1,3,348,82.403),(14,'OriginalBCloudTree',4,2,6,1,4,410,82.403),(14,'OriginalBCloudTree',4,2,7,1,2,151,71.945),(14,'OriginalBCloudTree',4,2,7,1,3,326,71.945),(14,'OriginalBCloudTree',4,2,7,1,4,385,71.945),(14,'OriginalBCloudTree',4,2,8,1,2,203,85.965),(14,'OriginalBCloudTree',4,2,8,1,3,377,85.965),(14,'OriginalBCloudTree',4,2,8,1,4,434,85.965),(14,'OriginalBCloudTree',4,2,9,1,2,0,83.70799999999998),(14,'OriginalBCloudTree',4,2,9,1,3,299,83.70799999999998),(14,'OriginalBCloudTree',4,2,9,1,4,362,83.70799999999998),(14,'OriginalBCloudTree',4,3,1,1,2,121,32.792500000000004),(14,'OriginalBCloudTree',4,3,1,1,3,303,32.792500000000004),(14,'OriginalBCloudTree',4,3,1,1,4,811,32.792500000000004),(14,'OriginalBCloudTree',4,3,2,1,2,68,33.0785),(14,'OriginalBCloudTree',4,3,2,1,3,255,33.0785),(14,'OriginalBCloudTree',4,3,2,1,4,300,33.0785),(14,'OriginalBCloudTree',4,3,3,1,2,30,32.32433333333333),(14,'OriginalBCloudTree',4,3,3,1,3,226,32.32433333333333),(14,'OriginalBCloudTree',4,3,3,1,4,243,32.32433333333333),(14,'OriginalBCloudTree',4,3,4,1,2,15,30.436666666666667),(14,'OriginalBCloudTree',4,3,4,1,3,211,30.436666666666667),(14,'OriginalBCloudTree',4,3,4,1,4,228,30.436666666666667),(14,'OriginalBCloudTree',4,3,5,1,2,8,29.33),(14,'OriginalBCloudTree',4,3,5,1,3,204,29.33),(14,'OriginalBCloudTree',4,3,5,1,4,220,29.33),(14,'OriginalBCloudTree',4,3,6,1,2,38,30.690166666666666),(14,'OriginalBCloudTree',4,3,6,1,3,240,30.690166666666666),(14,'OriginalBCloudTree',4,3,6,1,4,258,30.690166666666666),(14,'OriginalBCloudTree',4,3,7,1,2,23,31.41),(14,'OriginalBCloudTree',4,3,7,1,3,218,31.41),(14,'OriginalBCloudTree',4,3,7,1,4,235,31.41),(14,'OriginalBCloudTree',4,3,8,1,2,77,34.659166666666664),(14,'OriginalBCloudTree',4,3,8,1,3,262,34.659166666666664),(14,'OriginalBCloudTree',4,3,8,1,4,307,34.659166666666664),(14,'OriginalBCloudTree',4,3,9,1,2,0,30.235166666666665),(14,'OriginalBCloudTree',4,3,9,1,3,195,30.235166666666665),(14,'OriginalBCloudTree',4,3,9,1,4,210,30.235166666666665),(14,'OriginalBCloudTree',5,1,1,1,2,477,85.5925),(14,'OriginalBCloudTree',5,1,1,1,3,699,85.5925),(14,'OriginalBCloudTree',5,1,1,1,4,770,85.5925),(14,'OriginalBCloudTree',5,1,2,1,2,343,85.6585),(14,'OriginalBCloudTree',5,1,2,1,3,593,85.6585),(14,'OriginalBCloudTree',5,1,2,1,4,650,85.6585),(14,'OriginalBCloudTree',5,1,3,1,2,274,85.491),(14,'OriginalBCloudTree',5,1,3,1,3,537,85.491),(14,'OriginalBCloudTree',5,1,3,1,4,615,85.491),(14,'OriginalBCloudTree',5,1,4,1,2,244,83.91499999999999),(14,'OriginalBCloudTree',5,1,4,1,3,514,83.91499999999999),(14,'OriginalBCloudTree',5,1,4,1,4,591,83.91499999999999),(14,'OriginalBCloudTree',5,1,5,1,2,228,83.56),(14,'OriginalBCloudTree',5,1,5,1,3,502,83.56),(14,'OriginalBCloudTree',5,1,5,1,4,581,83.56),(14,'OriginalBCloudTree',5,1,6,1,2,314,84.6635),(14,'OriginalBCloudTree',5,1,6,1,3,581,84.6635),(14,'OriginalBCloudTree',5,1,6,1,4,639,84.6635),(14,'OriginalBCloudTree',5,1,7,1,2,256,82.945),(14,'OriginalBCloudTree',5,1,7,1,3,526,82.945),(14,'OriginalBCloudTree',5,1,7,1,4,603,82.945),(14,'OriginalBCloudTree',5,1,8,1,2,375,85.9925),(14,'OriginalBCloudTree',5,1,8,1,3,612,85.9925),(14,'OriginalBCloudTree',5,1,8,1,4,688,85.9925),(14,'OriginalBCloudTree',5,1,9,1,2,157,84.8135),(14,'OriginalBCloudTree',5,1,9,1,3,466,84.8135),(14,'OriginalBCloudTree',5,1,9,1,4,541,84.8135),(14,'OriginalBCloudTree',5,2,1,1,2,334,85.565),(14,'OriginalBCloudTree',5,2,1,1,3,500,85.565),(14,'OriginalBCloudTree',5,2,1,1,4,551,85.565),(14,'OriginalBCloudTree',5,2,2,1,2,268,85.65299999999999),(14,'OriginalBCloudTree',5,2,2,1,3,439,85.65299999999999),(14,'OriginalBCloudTree',5,2,2,1,4,489,85.65299999999999),(14,'OriginalBCloudTree',5,2,3,1,2,242,85.458),(14,'OriginalBCloudTree',5,2,3,1,3,415,85.458),(14,'OriginalBCloudTree',5,2,3,1,4,465,85.458),(14,'OriginalBCloudTree',5,2,4,1,2,219,78.41499999999999),(14,'OriginalBCloudTree',5,2,4,1,3,397,78.41499999999999),(14,'OriginalBCloudTree',5,2,4,1,4,448,78.41499999999999),(14,'OriginalBCloudTree',5,2,5,1,2,212,77.51),(14,'OriginalBCloudTree',5,2,5,1,3,387,77.51),(14,'OriginalBCloudTree',5,2,5,1,4,441,77.51),(14,'OriginalBCloudTree',5,2,6,1,2,259,82.403),(14,'OriginalBCloudTree',5,2,6,1,3,431,82.403),(14,'OriginalBCloudTree',5,2,6,1,4,481,82.403),(14,'OriginalBCloudTree',5,2,7,1,2,233,71.945),(14,'OriginalBCloudTree',5,2,7,1,3,406,71.945),(14,'OriginalBCloudTree',5,2,7,1,4,456,71.945),(14,'OriginalBCloudTree',5,2,8,1,2,284,85.965),(14,'OriginalBCloudTree',5,2,8,1,3,454,85.965),(14,'OriginalBCloudTree',5,2,8,1,4,505,85.965),(14,'OriginalBCloudTree',5,2,9,1,2,184,83.70799999999998),(14,'OriginalBCloudTree',5,2,9,1,3,356,83.70799999999998),(14,'OriginalBCloudTree',5,2,9,1,4,418,83.70799999999998),(14,'OriginalBCloudTree',5,3,1,1,2,195,32.792500000000004),(14,'OriginalBCloudTree',5,3,1,1,3,378,32.792500000000004),(14,'OriginalBCloudTree',5,3,1,1,4,894,32.792500000000004),(14,'OriginalBCloudTree',5,3,2,1,2,135,33.0785),(14,'OriginalBCloudTree',5,3,2,1,3,318,33.0785),(14,'OriginalBCloudTree',5,3,2,1,4,828,33.0785),(14,'OriginalBCloudTree',5,3,3,1,2,112,32.32433333333333),(14,'OriginalBCloudTree',5,3,3,1,3,294,32.32433333333333),(14,'OriginalBCloudTree',5,3,3,1,4,336,32.32433333333333),(14,'OriginalBCloudTree',5,3,4,1,2,94,30.436666666666667),(14,'OriginalBCloudTree',5,3,4,1,3,278,30.436666666666667),(14,'OriginalBCloudTree',5,3,4,1,4,322,30.436666666666667),(14,'OriginalBCloudTree',5,3,5,1,2,85,29.33),(14,'OriginalBCloudTree',5,3,5,1,3,270,29.33),(14,'OriginalBCloudTree',5,3,5,1,4,314,29.33),(14,'OriginalBCloudTree',5,3,6,1,2,128,30.690166666666666),(14,'OriginalBCloudTree',5,3,6,1,3,311,30.690166666666666),(14,'OriginalBCloudTree',5,3,6,1,4,819,30.690166666666666),(14,'OriginalBCloudTree',5,3,7,1,2,103,31.41),(14,'OriginalBCloudTree',5,3,7,1,3,285,31.41),(14,'OriginalBCloudTree',5,3,7,1,4,329,31.41),(14,'OriginalBCloudTree',5,3,8,1,2,150,34.659166666666664),(14,'OriginalBCloudTree',5,3,8,1,3,333,34.659166666666664),(14,'OriginalBCloudTree',5,3,8,1,4,845,34.659166666666664),(14,'OriginalBCloudTree',5,3,9,1,2,58,30.235166666666665),(14,'OriginalBCloudTree',5,3,9,1,3,248,30.235166666666665),(14,'OriginalBCloudTree',5,3,9,1,4,265,30.235166666666665),(14,'OriginalBCloudTree',6,1,1,1,2,596,85.5925),(14,'OriginalBCloudTree',6,1,1,1,3,827,85.5925),(14,'OriginalBCloudTree',6,1,1,1,4,878,85.5925),(14,'OriginalBCloudTree',6,1,2,1,2,489,85.6585),(14,'OriginalBCloudTree',6,1,2,1,3,736,85.6585),(14,'OriginalBCloudTree',6,1,2,1,4,783,85.6585),(14,'OriginalBCloudTree',6,1,3,1,2,442,85.491),(14,'OriginalBCloudTree',6,1,3,1,3,655,85.491),(14,'OriginalBCloudTree',6,1,3,1,4,746,85.491),(14,'OriginalBCloudTree',6,1,4,1,2,409,83.91499999999999),(14,'OriginalBCloudTree',6,1,4,1,3,633,83.91499999999999),(14,'OriginalBCloudTree',6,1,4,1,4,709,83.91499999999999),(14,'OriginalBCloudTree',6,1,5,1,2,395,83.56),(14,'OriginalBCloudTree',6,1,5,1,3,623,83.56),(14,'OriginalBCloudTree',6,1,5,1,4,699,83.56),(14,'OriginalBCloudTree',6,1,6,1,2,465,84.6635),(14,'OriginalBCloudTree',6,1,6,1,3,668,84.6635),(14,'OriginalBCloudTree',6,1,6,1,4,758,84.6635),(14,'OriginalBCloudTree',6,1,7,1,2,428,82.945),(14,'OriginalBCloudTree',6,1,7,1,3,642,82.945),(14,'OriginalBCloudTree',6,1,7,1,4,720,82.945),(14,'OriginalBCloudTree',6,1,8,1,2,559,85.9925),(14,'OriginalBCloudTree',6,1,8,1,3,791,85.9925),(14,'OriginalBCloudTree',6,1,8,1,4,838,85.9925),(14,'OriginalBCloudTree',6,1,9,1,2,362,84.8135),(14,'OriginalBCloudTree',6,1,9,1,3,603,84.8135),(14,'OriginalBCloudTree',6,1,9,1,4,676,84.8135),(14,'OriginalBCloudTree',6,2,1,1,2,428,85.565),(14,'OriginalBCloudTree',6,2,1,1,3,581,85.565),(14,'OriginalBCloudTree',6,2,1,1,4,619,85.565),(14,'OriginalBCloudTree',6,2,2,1,2,349,85.65299999999999),(14,'OriginalBCloudTree',6,2,2,1,3,510,85.65299999999999),(14,'OriginalBCloudTree',6,2,2,1,4,559,85.65299999999999),(14,'OriginalBCloudTree',6,2,3,1,2,317,85.458),(14,'OriginalBCloudTree',6,2,3,1,3,485,85.458),(14,'OriginalBCloudTree',6,2,3,1,4,535,85.458),(14,'OriginalBCloudTree',6,2,4,1,2,301,78.41499999999999),(14,'OriginalBCloudTree',6,2,4,1,3,470,78.41499999999999),(14,'OriginalBCloudTree',6,2,4,1,4,521,78.41499999999999),(14,'OriginalBCloudTree',6,2,5,1,2,293,77.51),(14,'OriginalBCloudTree',6,2,5,1,3,461,77.51),(14,'OriginalBCloudTree',6,2,5,1,4,513,77.51),(14,'OriginalBCloudTree',6,2,6,1,2,326,82.403),(14,'OriginalBCloudTree',6,2,6,1,3,492,82.403),(14,'OriginalBCloudTree',6,2,6,1,4,543,82.403),(14,'OriginalBCloudTree',6,2,7,1,2,310,71.945),(14,'OriginalBCloudTree',6,2,7,1,3,477,71.945),(14,'OriginalBCloudTree',6,2,7,1,4,528,71.945),(14,'OriginalBCloudTree',6,2,8,1,2,401,85.965),(14,'OriginalBCloudTree',6,2,8,1,3,553,85.965),(14,'OriginalBCloudTree',6,2,8,1,4,596,85.965),(14,'OriginalBCloudTree',6,2,9,1,2,276,83.70799999999998),(14,'OriginalBCloudTree',6,2,9,1,3,446,83.70799999999998),(14,'OriginalBCloudTree',6,2,9,1,4,498,83.70799999999998),(14,'OriginalBCloudTree',6,3,1,1,2,270,32.792500000000004),(14,'OriginalBCloudTree',6,3,1,1,3,458,32.792500000000004),(14,'OriginalBCloudTree',6,3,1,1,4,980,32.792500000000004),(14,'OriginalBCloudTree',6,3,2,1,2,203,33.0785),(14,'OriginalBCloudTree',6,3,2,1,3,387,33.0785),(14,'OriginalBCloudTree',6,3,2,1,4,902,33.0785),(14,'OriginalBCloudTree',6,3,3,1,2,180,32.32433333333333),(14,'OriginalBCloudTree',6,3,3,1,3,363,32.32433333333333),(14,'OriginalBCloudTree',6,3,3,1,4,878,32.32433333333333),(14,'OriginalBCloudTree',6,3,4,1,2,166,30.436666666666667),(14,'OriginalBCloudTree',6,3,4,1,3,348,30.436666666666667),(14,'OriginalBCloudTree',6,3,4,1,4,862,30.436666666666667),(14,'OriginalBCloudTree',6,3,5,1,2,158,29.33),(14,'OriginalBCloudTree',6,3,5,1,3,340,29.33),(14,'OriginalBCloudTree',6,3,5,1,4,853,29.33),(14,'OriginalBCloudTree',6,3,6,1,2,188,30.690166666666666),(14,'OriginalBCloudTree',6,3,6,1,3,370,30.690166666666666),(14,'OriginalBCloudTree',6,3,6,1,4,886,30.690166666666666),(14,'OriginalBCloudTree',6,3,7,1,2,173,31.41),(14,'OriginalBCloudTree',6,3,7,1,3,356,31.41),(14,'OriginalBCloudTree',6,3,7,1,4,870,31.41),(14,'OriginalBCloudTree',6,3,8,1,2,243,34.659166666666664),(14,'OriginalBCloudTree',6,3,8,1,3,433,34.659166666666664),(14,'OriginalBCloudTree',6,3,8,1,4,944,34.659166666666664),(14,'OriginalBCloudTree',6,3,9,1,2,143,30.235166666666665),(14,'OriginalBCloudTree',6,3,9,1,3,326,30.235166666666665),(14,'OriginalBCloudTree',6,3,9,1,4,837,30.235166666666665),(14,'OriginalBCloudTree',7,1,1,1,2,711,85.5925),(14,'OriginalBCloudTree',7,1,1,1,3,932,85.5925),(14,'OriginalBCloudTree',7,1,1,1,4,967,85.5925),(14,'OriginalBCloudTree',7,1,2,1,2,633,85.6585),(14,'OriginalBCloudTree',7,1,2,1,3,855,85.6585),(14,'OriginalBCloudTree',7,1,2,1,4,907,85.6585),(14,'OriginalBCloudTree',7,1,3,1,2,583,85.491),(14,'OriginalBCloudTree',7,1,3,1,3,814,85.491),(14,'OriginalBCloudTree',7,1,3,1,4,865,85.491),(14,'OriginalBCloudTree',7,1,4,1,2,546,83.91499999999999),(14,'OriginalBCloudTree',7,1,4,1,3,780,83.91499999999999),(14,'OriginalBCloudTree',7,1,4,1,4,830,83.91499999999999),(14,'OriginalBCloudTree',7,1,5,1,2,514,83.56),(14,'OriginalBCloudTree',7,1,5,1,3,760,83.56),(14,'OriginalBCloudTree',7,1,5,1,4,804,83.56),(14,'OriginalBCloudTree',7,1,6,1,2,571,84.6635),(14,'OriginalBCloudTree',7,1,6,1,3,802,84.6635),(14,'OriginalBCloudTree',7,1,6,1,4,847,84.6635),(14,'OriginalBCloudTree',7,1,7,1,2,532,82.945),(14,'OriginalBCloudTree',7,1,7,1,3,770,82.945),(14,'OriginalBCloudTree',7,1,7,1,4,819,82.945),(14,'OriginalBCloudTree',7,1,8,1,2,688,85.9925),(14,'OriginalBCloudTree',7,1,8,1,3,903,85.9925),(14,'OriginalBCloudTree',7,1,8,1,4,946,85.9925),(14,'OriginalBCloudTree',7,1,9,1,2,501,84.8135),(14,'OriginalBCloudTree',7,1,9,1,3,747,84.8135),(14,'OriginalBCloudTree',7,1,9,1,4,794,84.8135),(14,'OriginalBCloudTree',7,2,1,1,2,505,85.565),(14,'OriginalBCloudTree',7,2,1,1,3,669,85.565),(14,'OriginalBCloudTree',7,2,1,1,4,692,85.565),(14,'OriginalBCloudTree',7,2,2,1,2,454,85.65299999999999),(14,'OriginalBCloudTree',7,2,2,1,3,612,85.65299999999999),(14,'OriginalBCloudTree',7,2,2,1,4,642,85.65299999999999),(14,'OriginalBCloudTree',7,2,3,1,2,420,85.458),(14,'OriginalBCloudTree',7,2,3,1,3,572,85.458),(14,'OriginalBCloudTree',7,2,3,1,4,612,85.458),(14,'OriginalBCloudTree',7,2,4,1,2,391,78.41499999999999),(14,'OriginalBCloudTree',7,2,4,1,3,545,78.41499999999999),(14,'OriginalBCloudTree',7,2,4,1,4,588,78.41499999999999),(14,'OriginalBCloudTree',7,2,5,1,2,372,77.51),(14,'OriginalBCloudTree',7,2,5,1,3,526,77.51),(14,'OriginalBCloudTree',7,2,5,1,4,573,77.51),(14,'OriginalBCloudTree',7,2,6,1,2,410,82.403),(14,'OriginalBCloudTree',7,2,6,1,3,562,82.403),(14,'OriginalBCloudTree',7,2,6,1,4,604,82.403),(14,'OriginalBCloudTree',7,2,7,1,2,382,71.945),(14,'OriginalBCloudTree',7,2,7,1,3,535,71.945),(14,'OriginalBCloudTree',7,2,7,1,4,580,71.945),(14,'OriginalBCloudTree',7,2,8,1,2,486,85.965),(14,'OriginalBCloudTree',7,2,8,1,3,647,85.965),(14,'OriginalBCloudTree',7,2,8,1,4,677,85.965),(14,'OriginalBCloudTree',7,2,9,1,2,359,83.70799999999998),(14,'OriginalBCloudTree',7,2,9,1,3,518,83.70799999999998),(14,'OriginalBCloudTree',7,2,9,1,4,566,83.70799999999998),(14,'OriginalBCloudTree',7,3,1,1,2,344,32.792500000000004),(14,'OriginalBCloudTree',7,3,1,1,3,526,32.792500000000004),(14,'OriginalBCloudTree',7,3,1,1,4,1110,32.792500000000004),(14,'OriginalBCloudTree',7,3,2,1,2,295,33.0785),(14,'OriginalBCloudTree',7,3,2,1,3,480,33.0785),(14,'OriginalBCloudTree',7,3,2,1,4,1042,33.0785),(14,'OriginalBCloudTree',7,3,3,1,2,261,32.32433333333333),(14,'OriginalBCloudTree',7,3,3,1,3,450,32.32433333333333),(14,'OriginalBCloudTree',7,3,3,1,4,971,32.32433333333333),(14,'OriginalBCloudTree',7,3,4,1,2,234,30.436666666666667),(14,'OriginalBCloudTree',7,3,4,1,3,424,30.436666666666667),(14,'OriginalBCloudTree',7,3,4,1,4,936,30.436666666666667),(14,'OriginalBCloudTree',7,3,5,1,2,218,29.33),(14,'OriginalBCloudTree',7,3,5,1,3,406,29.33),(14,'OriginalBCloudTree',7,3,5,1,4,920,29.33),(14,'OriginalBCloudTree',7,3,6,1,2,252,30.690166666666666),(14,'OriginalBCloudTree',7,3,6,1,3,442,30.690166666666666),(14,'OriginalBCloudTree',7,3,6,1,4,963,30.690166666666666),(14,'OriginalBCloudTree',7,3,7,1,2,226,31.41),(14,'OriginalBCloudTree',7,3,7,1,3,415,31.41),(14,'OriginalBCloudTree',7,3,7,1,4,928,31.41),(14,'OriginalBCloudTree',7,3,8,1,2,329,34.659166666666664),(14,'OriginalBCloudTree',7,3,8,1,3,511,34.659166666666664),(14,'OriginalBCloudTree',7,3,8,1,4,1092,34.659166666666664),(14,'OriginalBCloudTree',7,3,9,1,2,210,30.235166666666665),(14,'OriginalBCloudTree',7,3,9,1,3,397,30.235166666666665),(14,'OriginalBCloudTree',7,3,9,1,4,911,30.235166666666665),(14,'OriginalBCloudTree',8,1,1,1,2,746,85.5925),(14,'OriginalBCloudTree',8,1,1,1,3,973,85.5925),(14,'OriginalBCloudTree',8,1,1,1,4,1053,85.5925),(14,'OriginalBCloudTree',8,1,2,1,2,721,85.6585),(14,'OriginalBCloudTree',8,1,2,1,3,944,85.6585),(14,'OriginalBCloudTree',8,1,2,1,4,979,85.6585),(14,'OriginalBCloudTree',8,1,3,1,2,700,85.491),(14,'OriginalBCloudTree',8,1,3,1,3,920,85.491),(14,'OriginalBCloudTree',8,1,3,1,4,956,85.491),(14,'OriginalBCloudTree',8,1,4,1,2,675,83.91499999999999),(14,'OriginalBCloudTree',8,1,4,1,3,890,83.91499999999999),(14,'OriginalBCloudTree',8,1,4,1,4,938,83.91499999999999),(14,'OriginalBCloudTree',8,1,5,1,2,658,83.56),(14,'OriginalBCloudTree',8,1,5,1,3,879,83.56),(14,'OriginalBCloudTree',8,1,5,1,4,928,83.56),(14,'OriginalBCloudTree',8,1,6,1,2,644,84.6635),(14,'OriginalBCloudTree',8,1,6,1,3,867,84.6635),(14,'OriginalBCloudTree',8,1,6,1,4,918,84.6635),(14,'OriginalBCloudTree',8,1,7,1,2,621,82.945),(14,'OriginalBCloudTree',8,1,7,1,3,845,82.945),(14,'OriginalBCloudTree',8,1,7,1,4,898,82.945),(14,'OriginalBCloudTree',8,1,8,1,2,734,85.9925),(14,'OriginalBCloudTree',8,1,8,1,3,961,85.9925),(14,'OriginalBCloudTree',8,1,8,1,4,1043,85.9925),(14,'OriginalBCloudTree',8,1,9,1,2,610,84.8135),(14,'OriginalBCloudTree',8,1,9,1,3,836,84.8135),(14,'OriginalBCloudTree',8,1,9,1,4,889,84.8135),(14,'OriginalBCloudTree',8,2,1,1,2,535,85.565),(14,'OriginalBCloudTree',8,2,1,1,3,1289,85.565),(14,'OriginalBCloudTree',8,2,1,1,4,715,85.565),(14,'OriginalBCloudTree',8,2,2,1,2,517,85.65299999999999),(14,'OriginalBCloudTree',8,2,2,1,3,1259,85.65299999999999),(14,'OriginalBCloudTree',8,2,2,1,4,699,85.65299999999999),(14,'OriginalBCloudTree',8,2,3,1,2,494,85.458),(14,'OriginalBCloudTree',8,2,3,1,3,658,85.458),(14,'OriginalBCloudTree',8,2,3,1,4,684,85.458),(14,'OriginalBCloudTree',8,2,4,1,2,478,78.41499999999999),(14,'OriginalBCloudTree',8,2,4,1,3,639,78.41499999999999),(14,'OriginalBCloudTree',8,2,4,1,4,667,78.41499999999999),(14,'OriginalBCloudTree',8,2,5,1,2,470,77.51),(14,'OriginalBCloudTree',8,2,5,1,3,630,77.51),(14,'OriginalBCloudTree',8,2,5,1,4,658,77.51),(14,'OriginalBCloudTree',8,2,6,1,2,461,82.403),(14,'OriginalBCloudTree',8,2,6,1,3,621,82.403),(14,'OriginalBCloudTree',8,2,6,1,4,649,82.403),(14,'OriginalBCloudTree',8,2,7,1,2,445,71.945),(14,'OriginalBCloudTree',8,2,7,1,3,601,71.945),(14,'OriginalBCloudTree',8,2,7,1,4,634,71.945),(14,'OriginalBCloudTree',8,2,8,1,2,526,85.965),(14,'OriginalBCloudTree',8,2,8,1,3,1280,85.965),(14,'OriginalBCloudTree',8,2,8,1,4,707,85.965),(14,'OriginalBCloudTree',8,2,9,1,2,437,83.70799999999998),(14,'OriginalBCloudTree',8,2,9,1,3,592,83.70799999999998),(14,'OriginalBCloudTree',8,2,9,1,4,627,83.70799999999998),(14,'OriginalBCloudTree',8,3,1,1,2,365,32.792500000000004),(14,'OriginalBCloudTree',8,3,1,1,3,549,32.792500000000004),(14,'OriginalBCloudTree',8,3,1,1,4,1135,32.792500000000004),(14,'OriginalBCloudTree',8,3,2,1,2,351,33.0785),(14,'OriginalBCloudTree',8,3,2,1,3,535,33.0785),(14,'OriginalBCloudTree',8,3,2,1,4,1118,33.0785),(14,'OriginalBCloudTree',8,3,3,1,2,338,32.32433333333333),(14,'OriginalBCloudTree',8,3,3,1,3,519,32.32433333333333),(14,'OriginalBCloudTree',8,3,3,1,4,1100,32.32433333333333),(14,'OriginalBCloudTree',8,3,4,1,2,321,30.436666666666667),(14,'OriginalBCloudTree',8,3,4,1,3,504,30.436666666666667),(14,'OriginalBCloudTree',8,3,4,1,4,1070,30.436666666666667),(14,'OriginalBCloudTree',8,3,5,1,2,312,29.33),(14,'OriginalBCloudTree',8,3,5,1,3,495,29.33),(14,'OriginalBCloudTree',8,3,5,1,4,1061,29.33),(14,'OriginalBCloudTree',8,3,6,1,2,304,30.690166666666666),(14,'OriginalBCloudTree',8,3,6,1,3,487,30.690166666666666),(14,'OriginalBCloudTree',8,3,6,1,4,1051,30.690166666666666),(14,'OriginalBCloudTree',8,3,7,1,2,287,31.41),(14,'OriginalBCloudTree',8,3,7,1,3,472,31.41),(14,'OriginalBCloudTree',8,3,7,1,4,1033,31.41),(14,'OriginalBCloudTree',8,3,8,1,2,358,34.659166666666664),(14,'OriginalBCloudTree',8,3,8,1,3,542,34.659166666666664),(14,'OriginalBCloudTree',8,3,8,1,4,1126,34.659166666666664),(14,'OriginalBCloudTree',8,3,9,1,2,279,30.235166666666665),(14,'OriginalBCloudTree',8,3,9,1,3,465,30.235166666666665),(14,'OriginalBCloudTree',8,3,9,1,4,990,30.235166666666665),(14,'ProposedBCloudTree',1,1,1,1,3,469,85.5925),(14,'ProposedBCloudTree',1,1,1,1,4,533,85.5925),(14,'ProposedBCloudTree',1,1,2,1,3,126,85.6585),(14,'ProposedBCloudTree',1,1,2,1,4,114,85.6585),(14,'ProposedBCloudTree',1,1,3,1,3,9,85.491),(14,'ProposedBCloudTree',1,1,3,1,4,7,85.491),(14,'ProposedBCloudTree',1,1,4,1,3,0,83.91499999999999),(14,'ProposedBCloudTree',1,1,4,1,4,0,83.91499999999999),(14,'ProposedBCloudTree',1,1,5,1,3,118,83.56),(14,'ProposedBCloudTree',1,1,5,1,4,106,83.56),(14,'ProposedBCloudTree',1,1,6,1,3,367,84.6635),(14,'ProposedBCloudTree',1,1,6,1,4,452,84.6635),(14,'ProposedBCloudTree',1,1,7,1,3,18,82.945),(14,'ProposedBCloudTree',1,1,7,1,4,14,82.945),(14,'ProposedBCloudTree',1,1,8,1,3,190,85.9925),(14,'ProposedBCloudTree',1,1,8,1,4,277,85.9925),(14,'ProposedBCloudTree',1,1,9,1,3,69,84.8135),(14,'ProposedBCloudTree',1,1,9,1,4,53,84.8135),(14,'ProposedBCloudTree',1,2,1,1,3,422,85.565),(14,'ProposedBCloudTree',1,2,1,1,4,421,85.565),(14,'ProposedBCloudTree',1,2,2,1,3,100,85.65299999999999),(14,'ProposedBCloudTree',1,2,2,1,4,112,85.65299999999999),(14,'ProposedBCloudTree',1,2,3,1,3,9,85.458),(14,'ProposedBCloudTree',1,2,3,1,4,6,85.458),(14,'ProposedBCloudTree',1,2,4,1,3,0,78.41499999999999),(14,'ProposedBCloudTree',1,2,4,1,4,0,78.41499999999999),(14,'ProposedBCloudTree',1,2,5,1,3,93,77.51),(14,'ProposedBCloudTree',1,2,5,1,4,105,77.51),(14,'ProposedBCloudTree',1,2,6,1,3,346,82.403),(14,'ProposedBCloudTree',1,2,6,1,4,348,82.403),(14,'ProposedBCloudTree',1,2,7,1,3,17,71.945),(14,'ProposedBCloudTree',1,2,7,1,4,14,71.945),(14,'ProposedBCloudTree',1,2,8,1,3,171,85.965),(14,'ProposedBCloudTree',1,2,8,1,4,178,85.965),(14,'ProposedBCloudTree',1,2,9,1,3,52,83.70799999999998),(14,'ProposedBCloudTree',1,2,9,1,4,57,83.70799999999998),(14,'ProposedBCloudTree',1,3,1,1,3,404,32.792500000000004),(14,'ProposedBCloudTree',1,3,1,1,4,536,32.792500000000004),(14,'ProposedBCloudTree',1,3,2,1,3,95,33.0785),(14,'ProposedBCloudTree',1,3,2,1,4,232,33.0785),(14,'ProposedBCloudTree',1,3,3,1,3,7,32.32433333333333),(14,'ProposedBCloudTree',1,3,3,1,4,7,32.32433333333333),(14,'ProposedBCloudTree',1,3,4,1,3,0,30.436666666666667),(14,'ProposedBCloudTree',1,3,4,1,4,1,30.436666666666667),(14,'ProposedBCloudTree',1,3,5,1,3,89,29.33),(14,'ProposedBCloudTree',1,3,5,1,4,223,29.33),(14,'ProposedBCloudTree',1,3,6,1,3,317,30.690166666666666),(14,'ProposedBCloudTree',1,3,6,1,4,459,30.690166666666666),(14,'ProposedBCloudTree',1,3,7,1,3,14,31.41),(14,'ProposedBCloudTree',1,3,7,1,4,15,31.41),(14,'ProposedBCloudTree',1,3,8,1,3,157,34.659166666666664),(14,'ProposedBCloudTree',1,3,8,1,4,304,34.659166666666664),(14,'ProposedBCloudTree',1,3,9,1,3,48,30.235166666666665),(14,'ProposedBCloudTree',1,3,9,1,4,181,30.235166666666665),(14,'ProposedBCloudTree',2,1,1,1,3,523,85.5925),(14,'ProposedBCloudTree',2,1,1,1,4,582,85.5925),(14,'ProposedBCloudTree',2,1,2,1,3,204,85.6585),(14,'ProposedBCloudTree',2,1,2,1,4,296,85.6585),(14,'ProposedBCloudTree',2,1,3,1,3,78,85.491),(14,'ProposedBCloudTree',2,1,3,1,4,62,85.491),(14,'ProposedBCloudTree',2,1,4,1,3,61,83.91499999999999),(14,'ProposedBCloudTree',2,1,4,1,4,46,83.91499999999999),(14,'ProposedBCloudTree',2,1,5,1,3,54,83.56),(14,'ProposedBCloudTree',2,1,5,1,4,38,83.56),(14,'ProposedBCloudTree',2,1,6,1,3,382,84.6635),(14,'ProposedBCloudTree',2,1,6,1,4,466,84.6635),(14,'ProposedBCloudTree',2,1,7,1,3,26,82.945),(14,'ProposedBCloudTree',2,1,7,1,4,21,82.945),(14,'ProposedBCloudTree',2,1,8,1,3,181,85.9925),(14,'ProposedBCloudTree',2,1,8,1,4,269,85.9925),(14,'ProposedBCloudTree',2,1,9,1,3,111,84.8135),(14,'ProposedBCloudTree',2,1,9,1,4,97,84.8135),(14,'ProposedBCloudTree',2,2,1,1,3,471,85.565),(14,'ProposedBCloudTree',2,2,1,1,4,467,85.565),(14,'ProposedBCloudTree',2,2,2,1,3,187,85.65299999999999),(14,'ProposedBCloudTree',2,2,2,1,4,194,85.65299999999999),(14,'ProposedBCloudTree',2,2,3,1,3,59,85.458),(14,'ProposedBCloudTree',2,2,3,1,4,65,85.458),(14,'ProposedBCloudTree',2,2,4,1,3,45,78.41499999999999),(14,'ProposedBCloudTree',2,2,4,1,4,49,78.41499999999999),(14,'ProposedBCloudTree',2,2,5,1,3,38,77.51),(14,'ProposedBCloudTree',2,2,5,1,4,40,77.51),(14,'ProposedBCloudTree',2,2,6,1,3,360,82.403),(14,'ProposedBCloudTree',2,2,6,1,4,362,82.403),(14,'ProposedBCloudTree',2,2,7,1,3,25,71.945),(14,'ProposedBCloudTree',2,2,7,1,4,23,71.945),(14,'ProposedBCloudTree',2,2,8,1,3,164,85.965),(14,'ProposedBCloudTree',2,2,8,1,4,169,85.965),(14,'ProposedBCloudTree',2,2,9,1,3,87,83.70799999999998),(14,'ProposedBCloudTree',2,2,9,1,4,97,83.70799999999998),(14,'ProposedBCloudTree',2,3,1,1,3,456,32.792500000000004),(14,'ProposedBCloudTree',2,3,1,1,4,583,32.792500000000004),(14,'ProposedBCloudTree',2,3,2,1,3,171,33.0785),(14,'ProposedBCloudTree',2,3,2,1,4,318,33.0785),(14,'ProposedBCloudTree',2,3,3,1,3,55,32.32433333333333),(14,'ProposedBCloudTree',2,3,3,1,4,188,32.32433333333333),(14,'ProposedBCloudTree',2,3,4,1,3,42,30.436666666666667),(14,'ProposedBCloudTree',2,3,4,1,4,173,30.436666666666667),(14,'ProposedBCloudTree',2,3,5,1,3,35,29.33),(14,'ProposedBCloudTree',2,3,5,1,4,165,29.33),(14,'ProposedBCloudTree',2,3,6,1,3,335,30.690166666666666),(14,'ProposedBCloudTree',2,3,6,1,4,472,30.690166666666666),(14,'ProposedBCloudTree',2,3,7,1,3,21,31.41),(14,'ProposedBCloudTree',2,3,7,1,4,22,31.41),(14,'ProposedBCloudTree',2,3,8,1,3,151,34.659166666666664),(14,'ProposedBCloudTree',2,3,8,1,4,297,34.659166666666664),(14,'ProposedBCloudTree',2,3,9,1,3,82,30.235166666666665),(14,'ProposedBCloudTree',2,3,9,1,4,215,30.235166666666665),(14,'ProposedBCloudTree',3,1,1,1,3,514,85.5925),(14,'ProposedBCloudTree',3,1,1,1,4,575,85.5925),(14,'ProposedBCloudTree',3,1,2,1,3,290,85.6585),(14,'ProposedBCloudTree',3,1,2,1,4,377,85.6585),(14,'ProposedBCloudTree',3,1,3,1,3,141,85.491),(14,'ProposedBCloudTree',3,1,3,1,4,130,85.491),(14,'ProposedBCloudTree',3,1,4,1,3,103,83.91499999999999),(14,'ProposedBCloudTree',3,1,4,1,4,88,83.91499999999999),(14,'ProposedBCloudTree',3,1,5,1,3,86,83.56),(14,'ProposedBCloudTree',3,1,5,1,4,71,83.56),(14,'ProposedBCloudTree',3,1,6,1,3,373,84.6635),(14,'ProposedBCloudTree',3,1,6,1,4,459,84.6635),(14,'ProposedBCloudTree',3,1,7,1,3,46,82.945),(14,'ProposedBCloudTree',3,1,7,1,4,29,82.945),(14,'ProposedBCloudTree',3,1,8,1,3,175,85.9925),(14,'ProposedBCloudTree',3,1,8,1,4,260,85.9925),(14,'ProposedBCloudTree',3,1,9,1,3,95,84.8135),(14,'ProposedBCloudTree',3,1,9,1,4,80,84.8135),(14,'ProposedBCloudTree',3,2,1,1,3,464,85.565),(14,'ProposedBCloudTree',3,2,1,1,4,460,85.565),(14,'ProposedBCloudTree',3,2,2,1,3,269,85.65299999999999),(14,'ProposedBCloudTree',3,2,2,1,4,272,85.65299999999999),(14,'ProposedBCloudTree',3,2,3,1,3,118,85.458),(14,'ProposedBCloudTree',3,2,3,1,4,126,85.458),(14,'ProposedBCloudTree',3,2,4,1,3,80,78.41499999999999),(14,'ProposedBCloudTree',3,2,4,1,4,90,78.41499999999999),(14,'ProposedBCloudTree',3,2,5,1,3,66,77.51),(14,'ProposedBCloudTree',3,2,5,1,4,73,77.51),(14,'ProposedBCloudTree',3,2,6,1,3,353,82.403),(14,'ProposedBCloudTree',3,2,6,1,4,355,82.403),(14,'ProposedBCloudTree',3,2,7,1,3,31,71.945),(14,'ProposedBCloudTree',3,2,7,1,4,32,71.945),(14,'ProposedBCloudTree',3,2,8,1,3,157,85.965),(14,'ProposedBCloudTree',3,2,8,1,4,161,85.965),(14,'ProposedBCloudTree',3,2,9,1,3,73,83.70799999999998),(14,'ProposedBCloudTree',3,2,9,1,4,82,83.70799999999998),(14,'ProposedBCloudTree',3,3,1,1,3,449,32.792500000000004),(14,'ProposedBCloudTree',3,3,1,1,4,576,32.792500000000004),(14,'ProposedBCloudTree',3,3,2,1,3,239,33.0785),(14,'ProposedBCloudTree',3,3,2,1,4,385,33.0785),(14,'ProposedBCloudTree',3,3,3,1,3,109,32.32433333333333),(14,'ProposedBCloudTree',3,3,3,1,4,248,32.32433333333333),(14,'ProposedBCloudTree',3,3,4,1,3,75,30.436666666666667),(14,'ProposedBCloudTree',3,3,4,1,4,209,30.436666666666667),(14,'ProposedBCloudTree',3,3,5,1,3,62,29.33),(14,'ProposedBCloudTree',3,3,5,1,4,194,29.33),(14,'ProposedBCloudTree',3,3,6,1,3,324,30.690166666666666),(14,'ProposedBCloudTree',3,3,6,1,4,465,30.690166666666666),(14,'ProposedBCloudTree',3,3,7,1,3,28,31.41),(14,'ProposedBCloudTree',3,3,7,1,4,29,31.41),(14,'ProposedBCloudTree',3,3,8,1,3,144,34.659166666666664),(14,'ProposedBCloudTree',3,3,8,1,4,289,34.659166666666664),(14,'ProposedBCloudTree',3,3,9,1,3,68,30.235166666666665),(14,'ProposedBCloudTree',3,3,9,1,4,201,30.235166666666665),(14,'ProposedBCloudTree',4,1,1,1,2,388,85.5925),(14,'ProposedBCloudTree',4,1,1,1,3,553,85.5925),(14,'ProposedBCloudTree',4,1,1,1,4,602,85.5925),(14,'ProposedBCloudTree',4,1,2,1,2,203,85.6585),(14,'ProposedBCloudTree',4,1,2,1,3,326,85.6585),(14,'ProposedBCloudTree',4,1,2,1,4,411,85.6585),(14,'ProposedBCloudTree',4,1,3,1,2,18,85.491),(14,'ProposedBCloudTree',4,1,3,1,3,155,85.491),(14,'ProposedBCloudTree',4,1,3,1,4,146,85.491),(14,'ProposedBCloudTree',4,1,4,1,2,9,83.91499999999999),(14,'ProposedBCloudTree',4,1,4,1,3,148,83.91499999999999),(14,'ProposedBCloudTree',4,1,4,1,4,138,83.91499999999999),(14,'ProposedBCloudTree',4,1,5,1,2,0,83.56),(14,'ProposedBCloudTree',4,1,5,1,3,134,83.56),(14,'ProposedBCloudTree',4,1,5,1,4,122,83.56),(14,'ProposedBCloudTree',4,1,6,1,2,308,84.6635),(14,'ProposedBCloudTree',4,1,6,1,3,446,84.6635),(14,'ProposedBCloudTree',4,1,6,1,4,511,84.6635),(14,'ProposedBCloudTree',4,1,7,1,2,34,82.945),(14,'ProposedBCloudTree',4,1,7,1,3,168,82.945),(14,'ProposedBCloudTree',4,1,7,1,4,252,82.945),(14,'ProposedBCloudTree',4,1,8,1,2,260,85.9925),(14,'ProposedBCloudTree',4,1,8,1,3,397,85.9925),(14,'ProposedBCloudTree',4,1,8,1,4,480,85.9925),(14,'ProposedBCloudTree',4,1,9,1,2,67,84.8135),(14,'ProposedBCloudTree',4,1,9,1,3,231,84.8135),(14,'ProposedBCloudTree',4,1,9,1,4,323,84.8135),(14,'ProposedBCloudTree',4,2,1,1,2,401,85.565),(14,'ProposedBCloudTree',4,2,1,1,3,491,85.565),(14,'ProposedBCloudTree',4,2,1,1,4,489,85.565),(14,'ProposedBCloudTree',4,2,2,1,2,251,85.65299999999999),(14,'ProposedBCloudTree',4,2,2,1,3,305,85.65299999999999),(14,'ProposedBCloudTree',4,2,2,1,4,306,85.65299999999999),(14,'ProposedBCloudTree',4,2,3,1,2,13,85.458),(14,'ProposedBCloudTree',4,2,3,1,3,135,85.458),(14,'ProposedBCloudTree',4,2,3,1,4,139,85.458),(14,'ProposedBCloudTree',4,2,4,1,2,7,78.41499999999999),(14,'ProposedBCloudTree',4,2,4,1,3,126,78.41499999999999),(14,'ProposedBCloudTree',4,2,4,1,4,132,78.41499999999999),(14,'ProposedBCloudTree',4,2,5,1,2,0,77.51),(14,'ProposedBCloudTree',4,2,5,1,3,108,77.51),(14,'ProposedBCloudTree',4,2,5,1,4,119,77.51),(14,'ProposedBCloudTree',4,2,6,1,2,330,82.403),(14,'ProposedBCloudTree',4,2,6,1,3,402,82.403),(14,'ProposedBCloudTree',4,2,6,1,4,401,82.403),(14,'ProposedBCloudTree',4,2,7,1,2,28,71.945),(14,'ProposedBCloudTree',4,2,7,1,3,150,71.945),(14,'ProposedBCloudTree',4,2,7,1,4,153,71.945),(14,'ProposedBCloudTree',4,2,8,1,2,302,85.965),(14,'ProposedBCloudTree',4,2,8,1,3,375,85.965),(14,'ProposedBCloudTree',4,2,8,1,4,375,85.965),(14,'ProposedBCloudTree',4,2,9,1,2,55,83.70799999999998),(14,'ProposedBCloudTree',4,2,9,1,3,210,83.70799999999998),(14,'ProposedBCloudTree',4,2,9,1,4,217,83.70799999999998),(14,'ProposedBCloudTree',4,3,1,1,2,342,32.792500000000004),(14,'ProposedBCloudTree',4,3,1,1,3,476,32.792500000000004),(14,'ProposedBCloudTree',4,3,1,1,4,602,32.792500000000004),(14,'ProposedBCloudTree',4,3,2,1,2,156,33.0785),(14,'ProposedBCloudTree',4,3,2,1,3,274,33.0785),(14,'ProposedBCloudTree',4,3,2,1,4,418,33.0785),(14,'ProposedBCloudTree',4,3,3,1,2,17,32.32433333333333),(14,'ProposedBCloudTree',4,3,3,1,3,123,32.32433333333333),(14,'ProposedBCloudTree',4,3,3,1,4,264,32.32433333333333),(14,'ProposedBCloudTree',4,3,4,1,2,8,30.436666666666667),(14,'ProposedBCloudTree',4,3,4,1,3,116,30.436666666666667),(14,'ProposedBCloudTree',4,3,4,1,4,256,30.436666666666667),(14,'ProposedBCloudTree',4,3,5,1,2,0,29.33),(14,'ProposedBCloudTree',4,3,5,1,3,102,29.33),(14,'ProposedBCloudTree',4,3,5,1,4,240,29.33),(14,'ProposedBCloudTree',4,3,6,1,2,275,30.690166666666666),(14,'ProposedBCloudTree',4,3,6,1,3,383,30.690166666666666),(14,'ProposedBCloudTree',4,3,6,1,4,516,30.690166666666666),(14,'ProposedBCloudTree',4,3,7,1,2,33,31.41),(14,'ProposedBCloudTree',4,3,7,1,3,137,31.41),(14,'ProposedBCloudTree',4,3,7,1,4,281,31.41),(14,'ProposedBCloudTree',4,3,8,1,2,249,34.659166666666664),(14,'ProposedBCloudTree',4,3,8,1,3,355,34.659166666666664),(14,'ProposedBCloudTree',4,3,8,1,4,487,34.659166666666664),(14,'ProposedBCloudTree',4,3,9,1,2,68,30.235166666666665),(14,'ProposedBCloudTree',4,3,9,1,3,191,30.235166666666665),(14,'ProposedBCloudTree',4,3,9,1,4,338,30.235166666666665),(14,'ProposedBCloudTree',5,1,1,1,2,405,85.5925),(14,'ProposedBCloudTree',5,1,1,1,3,567,85.5925),(14,'ProposedBCloudTree',5,1,1,1,4,616,85.5925),(14,'ProposedBCloudTree',5,1,2,1,2,284,85.6585),(14,'ProposedBCloudTree',5,1,2,1,3,436,85.6585),(14,'ProposedBCloudTree',5,1,2,1,4,503,85.6585),(14,'ProposedBCloudTree',5,1,3,1,2,111,85.491),(14,'ProposedBCloudTree',5,1,3,1,3,247,85.491),(14,'ProposedBCloudTree',5,1,3,1,4,340,85.491),(14,'ProposedBCloudTree',5,1,4,1,2,41,83.91499999999999),(14,'ProposedBCloudTree',5,1,4,1,3,196,83.91499999999999),(14,'ProposedBCloudTree',5,1,4,1,4,286,83.91499999999999),(14,'ProposedBCloudTree',5,1,5,1,2,50,83.56),(14,'ProposedBCloudTree',5,1,5,1,3,212,83.56),(14,'ProposedBCloudTree',5,1,5,1,4,304,83.56),(14,'ProposedBCloudTree',5,1,6,1,2,339,84.6635),(14,'ProposedBCloudTree',5,1,6,1,3,483,84.6635),(14,'ProposedBCloudTree',5,1,6,1,4,546,84.6635),(14,'ProposedBCloudTree',5,1,7,1,2,26,82.945),(14,'ProposedBCloudTree',5,1,7,1,3,162,82.945),(14,'ProposedBCloudTree',5,1,7,1,4,244,82.945),(14,'ProposedBCloudTree',5,1,8,1,2,276,85.9925),(14,'ProposedBCloudTree',5,1,8,1,3,416,85.9925),(14,'ProposedBCloudTree',5,1,8,1,4,495,85.9925),(14,'ProposedBCloudTree',5,1,9,1,2,59,84.8135),(14,'ProposedBCloudTree',5,1,9,1,3,220,84.8135),(14,'ProposedBCloudTree',5,1,9,1,4,314,84.8135),(14,'ProposedBCloudTree',5,2,1,1,2,414,85.565),(14,'ProposedBCloudTree',5,2,1,1,3,505,85.565),(14,'ProposedBCloudTree',5,2,1,1,4,502,85.565),(14,'ProposedBCloudTree',5,2,2,1,2,323,85.65299999999999),(14,'ProposedBCloudTree',5,2,2,1,3,395,85.65299999999999),(14,'ProposedBCloudTree',5,2,2,1,4,394,85.65299999999999),(14,'ProposedBCloudTree',5,2,3,1,2,69,85.458),(14,'ProposedBCloudTree',5,2,3,1,3,225,85.458),(14,'ProposedBCloudTree',5,2,3,1,4,232,85.458),(14,'ProposedBCloudTree',5,2,4,1,2,35,78.41499999999999),(14,'ProposedBCloudTree',5,2,4,1,3,179,78.41499999999999),(14,'ProposedBCloudTree',5,2,4,1,4,186,78.41499999999999),(14,'ProposedBCloudTree',5,2,5,1,2,42,77.51),(14,'ProposedBCloudTree',5,2,5,1,3,196,77.51),(14,'ProposedBCloudTree',5,2,5,1,4,203,77.51),(14,'ProposedBCloudTree',5,2,6,1,2,358,82.403),(14,'ProposedBCloudTree',5,2,6,1,3,436,82.403),(14,'ProposedBCloudTree',5,2,6,1,4,434,82.403),(14,'ProposedBCloudTree',5,2,7,1,2,20,71.945),(14,'ProposedBCloudTree',5,2,7,1,3,142,71.945),(14,'ProposedBCloudTree',5,2,7,1,4,147,71.945),(14,'ProposedBCloudTree',5,2,8,1,2,316,85.965),(14,'ProposedBCloudTree',5,2,8,1,3,388,85.965),(14,'ProposedBCloudTree',5,2,8,1,4,387,85.965),(14,'ProposedBCloudTree',5,2,9,1,2,48,83.70799999999998),(14,'ProposedBCloudTree',5,2,9,1,3,203,83.70799999999998),(14,'ProposedBCloudTree',5,2,9,1,4,210,83.70799999999998),(14,'ProposedBCloudTree',5,3,1,1,2,355,32.792500000000004),(14,'ProposedBCloudTree',5,3,1,1,3,490,32.792500000000004),(14,'ProposedBCloudTree',5,3,1,1,4,616,32.792500000000004),(14,'ProposedBCloudTree',5,3,2,1,2,269,33.0785),(14,'ProposedBCloudTree',5,3,2,1,3,376,33.0785),(14,'ProposedBCloudTree',5,3,2,1,4,509,33.0785),(14,'ProposedBCloudTree',5,3,3,1,2,85,32.32433333333333),(14,'ProposedBCloudTree',5,3,3,1,3,204,32.32433333333333),(14,'ProposedBCloudTree',5,3,3,1,4,351,32.32433333333333),(14,'ProposedBCloudTree',5,3,4,1,2,40,30.436666666666667),(14,'ProposedBCloudTree',5,3,4,1,3,164,30.436666666666667),(14,'ProposedBCloudTree',5,3,4,1,4,311,30.436666666666667),(14,'ProposedBCloudTree',5,3,5,1,2,52,29.33),(14,'ProposedBCloudTree',5,3,5,1,3,177,29.33),(14,'ProposedBCloudTree',5,3,5,1,4,325,29.33),(14,'ProposedBCloudTree',5,3,6,1,2,302,30.690166666666666),(14,'ProposedBCloudTree',5,3,6,1,3,419,30.690166666666666),(14,'ProposedBCloudTree',5,3,6,1,4,549,30.690166666666666),(14,'ProposedBCloudTree',5,3,7,1,2,25,31.41),(14,'ProposedBCloudTree',5,3,7,1,3,131,31.41),(14,'ProposedBCloudTree',5,3,7,1,4,273,31.41),(14,'ProposedBCloudTree',5,3,8,1,2,263,34.659166666666664),(14,'ProposedBCloudTree',5,3,8,1,3,369,34.659166666666664),(14,'ProposedBCloudTree',5,3,8,1,4,502,34.659166666666664),(14,'ProposedBCloudTree',5,3,9,1,2,60,30.235166666666665),(14,'ProposedBCloudTree',5,3,9,1,3,184,30.235166666666665),(14,'ProposedBCloudTree',5,3,9,1,4,331,30.235166666666665),(14,'ProposedBCloudTree',6,1,1,1,2,396,85.5925),(14,'ProposedBCloudTree',6,1,1,1,3,560,85.5925),(14,'ProposedBCloudTree',6,1,1,1,4,609,85.5925),(14,'ProposedBCloudTree',6,1,2,1,2,364,85.6585),(14,'ProposedBCloudTree',6,1,2,1,3,506,85.6585),(14,'ProposedBCloudTree',6,1,2,1,4,567,85.6585),(14,'ProposedBCloudTree',6,1,3,1,2,168,85.491),(14,'ProposedBCloudTree',6,1,3,1,3,313,85.491),(14,'ProposedBCloudTree',6,1,3,1,4,397,85.491),(14,'ProposedBCloudTree',6,1,4,1,2,144,83.91499999999999),(14,'ProposedBCloudTree',6,1,4,1,3,282,83.91499999999999),(14,'ProposedBCloudTree',6,1,4,1,4,370,83.91499999999999),(14,'ProposedBCloudTree',6,1,5,1,2,129,83.56),(14,'ProposedBCloudTree',6,1,5,1,3,267,83.56),(14,'ProposedBCloudTree',6,1,5,1,4,356,83.56),(14,'ProposedBCloudTree',6,1,6,1,2,315,84.6635),(14,'ProposedBCloudTree',6,1,6,1,3,454,84.6635),(14,'ProposedBCloudTree',6,1,6,1,4,519,84.6635),(14,'ProposedBCloudTree',6,1,7,1,2,235,82.945),(14,'ProposedBCloudTree',6,1,7,1,3,353,82.945),(14,'ProposedBCloudTree',6,1,7,1,4,439,82.945),(14,'ProposedBCloudTree',6,1,8,1,2,269,85.9925),(14,'ProposedBCloudTree',6,1,8,1,3,408,85.9925),(14,'ProposedBCloudTree',6,1,8,1,4,487,85.9925),(14,'ProposedBCloudTree',6,1,9,1,2,160,84.8135),(14,'ProposedBCloudTree',6,1,9,1,3,306,84.8135),(14,'ProposedBCloudTree',6,1,9,1,4,391,84.8135),(14,'ProposedBCloudTree',6,2,1,1,2,408,85.565),(14,'ProposedBCloudTree',6,2,1,1,3,498,85.565),(14,'ProposedBCloudTree',6,2,1,1,4,496,85.565),(14,'ProposedBCloudTree',6,2,2,1,2,380,85.65299999999999),(14,'ProposedBCloudTree',6,2,2,1,3,457,85.65299999999999),(14,'ProposedBCloudTree',6,2,2,1,4,453,85.65299999999999),(14,'ProposedBCloudTree',6,2,3,1,2,237,85.458),(14,'ProposedBCloudTree',6,2,3,1,3,291,85.458),(14,'ProposedBCloudTree',6,2,3,1,4,292,85.458),(14,'ProposedBCloudTree',6,2,4,1,2,205,78.41499999999999),(14,'ProposedBCloudTree',6,2,4,1,3,260,78.41499999999999),(14,'ProposedBCloudTree',6,2,4,1,4,265,78.41499999999999),(14,'ProposedBCloudTree',6,2,5,1,2,186,77.51),(14,'ProposedBCloudTree',6,2,5,1,3,242,77.51),(14,'ProposedBCloudTree',6,2,5,1,4,250,77.51),(14,'ProposedBCloudTree',6,2,6,1,2,337,82.403),(14,'ProposedBCloudTree',6,2,6,1,3,408,82.403),(14,'ProposedBCloudTree',6,2,6,1,4,408,82.403),(14,'ProposedBCloudTree',6,2,7,1,2,279,71.945),(14,'ProposedBCloudTree',6,2,7,1,3,332,71.945),(14,'ProposedBCloudTree',6,2,7,1,4,334,71.945),(14,'ProposedBCloudTree',6,2,8,1,2,309,85.965),(14,'ProposedBCloudTree',6,2,8,1,3,381,85.965),(14,'ProposedBCloudTree',6,2,8,1,4,381,85.965),(14,'ProposedBCloudTree',6,2,9,1,2,230,83.70799999999998),(14,'ProposedBCloudTree',6,2,9,1,3,284,83.70799999999998),(14,'ProposedBCloudTree',6,2,9,1,4,286,83.70799999999998),(14,'ProposedBCloudTree',6,3,1,1,2,348,32.792500000000004),(14,'ProposedBCloudTree',6,3,1,1,3,483,32.792500000000004),(14,'ProposedBCloudTree',6,3,1,1,4,609,32.792500000000004),(14,'ProposedBCloudTree',6,3,2,1,2,322,33.0785),(14,'ProposedBCloudTree',6,3,2,1,3,442,33.0785),(14,'ProposedBCloudTree',6,3,2,1,4,569,33.0785),(14,'ProposedBCloudTree',6,3,3,1,2,139,32.32433333333333),(14,'ProposedBCloudTree',6,3,3,1,3,260,32.32433333333333),(14,'ProposedBCloudTree',6,3,3,1,4,405,32.32433333333333),(14,'ProposedBCloudTree',6,3,4,1,2,116,30.436666666666667),(14,'ProposedBCloudTree',6,3,4,1,3,232,30.436666666666667),(14,'ProposedBCloudTree',6,3,4,1,4,378,30.436666666666667),(14,'ProposedBCloudTree',6,3,5,1,2,100,29.33),(14,'ProposedBCloudTree',6,3,5,1,3,218,29.33),(14,'ProposedBCloudTree',6,3,5,1,4,365,29.33),(14,'ProposedBCloudTree',6,3,6,1,2,282,30.690166666666666),(14,'ProposedBCloudTree',6,3,6,1,3,390,30.690166666666666),(14,'ProposedBCloudTree',6,3,6,1,4,523,30.690166666666666),(14,'ProposedBCloudTree',6,3,7,1,2,227,31.41),(14,'ProposedBCloudTree',6,3,7,1,3,303,31.41),(14,'ProposedBCloudTree',6,3,7,1,4,445,31.41),(14,'ProposedBCloudTree',6,3,8,1,2,255,34.659166666666664),(14,'ProposedBCloudTree',6,3,8,1,3,362,34.659166666666664),(14,'ProposedBCloudTree',6,3,8,1,4,494,34.659166666666664),(14,'ProposedBCloudTree',6,3,9,1,2,131,30.235166666666665),(14,'ProposedBCloudTree',6,3,9,1,3,253,30.235166666666665),(14,'ProposedBCloudTree',6,3,9,1,4,398,30.235166666666665),(14,'ProposedBCloudTree',7,1,1,1,2,421,85.5925),(14,'ProposedBCloudTree',7,1,1,1,3,581,85.5925),(14,'ProposedBCloudTree',7,1,1,1,4,631,85.5925),(14,'ProposedBCloudTree',7,1,2,1,2,356,85.6585),(14,'ProposedBCloudTree',7,1,2,1,3,499,85.6585),(14,'ProposedBCloudTree',7,1,2,1,4,560,85.6585),(14,'ProposedBCloudTree',7,1,3,1,2,152,85.491),(14,'ProposedBCloudTree',7,1,3,1,3,297,85.491),(14,'ProposedBCloudTree',7,1,3,1,4,384,85.491),(14,'ProposedBCloudTree',7,1,4,1,2,103,83.91499999999999),(14,'ProposedBCloudTree',7,1,4,1,3,239,83.91499999999999),(14,'ProposedBCloudTree',7,1,4,1,4,332,83.91499999999999),(14,'ProposedBCloudTree',7,1,5,1,2,120,83.56),(14,'ProposedBCloudTree',7,1,5,1,3,259,83.56),(14,'ProposedBCloudTree',7,1,5,1,4,349,83.56),(14,'ProposedBCloudTree',7,1,6,1,2,331,84.6635),(14,'ProposedBCloudTree',7,1,6,1,3,476,84.6635),(14,'ProposedBCloudTree',7,1,6,1,4,540,84.6635),(14,'ProposedBCloudTree',7,1,7,1,2,227,82.945),(14,'ProposedBCloudTree',7,1,7,1,3,346,82.945),(14,'ProposedBCloudTree',7,1,7,1,4,432,82.945),(14,'ProposedBCloudTree',7,1,8,1,2,323,85.9925),(14,'ProposedBCloudTree',7,1,8,1,3,462,85.9925),(14,'ProposedBCloudTree',7,1,8,1,4,526,85.9925),(14,'ProposedBCloudTree',7,1,9,1,2,137,84.8135),(14,'ProposedBCloudTree',7,1,9,1,3,274,84.8135),(14,'ProposedBCloudTree',7,1,9,1,4,363,84.8135),(14,'ProposedBCloudTree',7,2,1,1,2,429,85.565),(14,'ProposedBCloudTree',7,2,1,1,3,519,85.565),(14,'ProposedBCloudTree',7,2,1,1,4,516,85.565),(14,'ProposedBCloudTree',7,2,2,1,2,373,85.65299999999999),(14,'ProposedBCloudTree',7,2,2,1,3,450,85.65299999999999),(14,'ProposedBCloudTree',7,2,2,1,4,446,85.65299999999999),(14,'ProposedBCloudTree',7,2,3,1,2,213,85.458),(14,'ProposedBCloudTree',7,2,3,1,3,277,85.458),(14,'ProposedBCloudTree',7,2,3,1,4,279,85.458),(14,'ProposedBCloudTree',7,2,4,1,2,62,78.41499999999999),(14,'ProposedBCloudTree',7,2,4,1,3,217,78.41499999999999),(14,'ProposedBCloudTree',7,2,4,1,4,224,78.41499999999999),(14,'ProposedBCloudTree',7,2,5,1,2,76,77.51),(14,'ProposedBCloudTree',7,2,5,1,3,234,77.51),(14,'ProposedBCloudTree',7,2,5,1,4,242,77.51),(14,'ProposedBCloudTree',7,2,6,1,2,352,82.403),(14,'ProposedBCloudTree',7,2,6,1,3,429,82.403),(14,'ProposedBCloudTree',7,2,6,1,4,427,82.403),(14,'ProposedBCloudTree',7,2,7,1,2,272,71.945),(14,'ProposedBCloudTree',7,2,7,1,3,325,71.945),(14,'ProposedBCloudTree',7,2,7,1,4,327,71.945),(14,'ProposedBCloudTree',7,2,8,1,2,344,85.965),(14,'ProposedBCloudTree',7,2,8,1,3,415,85.965),(14,'ProposedBCloudTree',7,2,8,1,4,414,85.965),(14,'ProposedBCloudTree',7,2,9,1,2,195,83.70799999999998),(14,'ProposedBCloudTree',7,2,9,1,3,252,83.70799999999998),(14,'ProposedBCloudTree',7,2,9,1,4,258,83.70799999999998),(14,'ProposedBCloudTree',7,3,1,1,2,368,32.792500000000004),(14,'ProposedBCloudTree',7,3,1,1,3,504,32.792500000000004),(14,'ProposedBCloudTree',7,3,1,1,4,631,32.792500000000004),(14,'ProposedBCloudTree',7,3,2,1,2,315,33.0785),(14,'ProposedBCloudTree',7,3,2,1,3,435,33.0785),(14,'ProposedBCloudTree',7,3,2,1,4,563,33.0785),(14,'ProposedBCloudTree',7,3,3,1,2,124,32.32433333333333),(14,'ProposedBCloudTree',7,3,3,1,3,246,32.32433333333333),(14,'ProposedBCloudTree',7,3,3,1,4,391,32.32433333333333),(14,'ProposedBCloudTree',7,3,4,1,2,76,30.436666666666667),(14,'ProposedBCloudTree',7,3,4,1,3,198,30.436666666666667),(14,'ProposedBCloudTree',7,3,4,1,4,345,30.436666666666667),(14,'ProposedBCloudTree',7,3,5,1,2,92,29.33),(14,'ProposedBCloudTree',7,3,5,1,3,211,29.33),(14,'ProposedBCloudTree',7,3,5,1,4,358,29.33),(14,'ProposedBCloudTree',7,3,6,1,2,295,30.690166666666666),(14,'ProposedBCloudTree',7,3,6,1,3,411,30.690166666666666),(14,'ProposedBCloudTree',7,3,6,1,4,543,30.690166666666666),(14,'ProposedBCloudTree',7,3,7,1,2,219,31.41),(14,'ProposedBCloudTree',7,3,7,1,3,295,31.41),(14,'ProposedBCloudTree',7,3,7,1,4,438,31.41),(14,'ProposedBCloudTree',7,3,8,1,2,288,34.659166666666664),(14,'ProposedBCloudTree',7,3,8,1,3,397,34.659166666666664),(14,'ProposedBCloudTree',7,3,8,1,4,529,34.659166666666664),(14,'ProposedBCloudTree',7,3,9,1,2,108,30.235166666666665),(14,'ProposedBCloudTree',7,3,9,1,3,225,30.235166666666665),(14,'ProposedBCloudTree',7,3,9,1,4,371,30.235166666666665),(14,'ProposedBCloudTree',8,1,1,1,2,413,85.5925),(14,'ProposedBCloudTree',8,1,1,1,3,574,85.5925),(14,'ProposedBCloudTree',8,1,1,1,4,624,85.5925),(14,'ProposedBCloudTree',8,1,2,1,2,372,85.6585),(14,'ProposedBCloudTree',8,1,2,1,3,538,85.6585),(14,'ProposedBCloudTree',8,1,2,1,4,588,85.6585),(14,'ProposedBCloudTree',8,1,3,1,2,252,85.491),(14,'ProposedBCloudTree',8,1,3,1,3,389,85.491),(14,'ProposedBCloudTree',8,1,3,1,4,473,85.491),(14,'ProposedBCloudTree',8,1,4,1,2,211,83.91499999999999),(14,'ProposedBCloudTree',8,1,4,1,3,333,83.91499999999999),(14,'ProposedBCloudTree',8,1,4,1,4,418,83.91499999999999),(14,'ProposedBCloudTree',8,1,5,1,2,176,83.56),(14,'ProposedBCloudTree',8,1,5,1,3,319,83.56),(14,'ProposedBCloudTree',8,1,5,1,4,404,83.56),(14,'ProposedBCloudTree',8,1,6,1,2,348,84.6635),(14,'ProposedBCloudTree',8,1,6,1,3,491,84.6635),(14,'ProposedBCloudTree',8,1,6,1,4,553,84.6635),(14,'ProposedBCloudTree',8,1,7,1,2,244,82.945),(14,'ProposedBCloudTree',8,1,7,1,3,360,82.945),(14,'ProposedBCloudTree',8,1,7,1,4,446,82.945),(14,'ProposedBCloudTree',8,1,8,1,2,380,85.9925),(14,'ProposedBCloudTree',8,1,8,1,3,546,85.9925),(14,'ProposedBCloudTree',8,1,8,1,4,596,85.9925),(14,'ProposedBCloudTree',8,1,9,1,2,219,84.8135),(14,'ProposedBCloudTree',8,1,9,1,3,339,84.8135),(14,'ProposedBCloudTree',8,1,9,1,4,425,84.8135),(14,'ProposedBCloudTree',8,2,1,1,2,421,85.565),(14,'ProposedBCloudTree',8,2,1,1,3,512,85.565),(14,'ProposedBCloudTree',8,2,1,1,4,509,85.565),(14,'ProposedBCloudTree',8,2,2,1,2,387,85.65299999999999),(14,'ProposedBCloudTree',8,2,2,1,3,478,85.65299999999999),(14,'ProposedBCloudTree',8,2,2,1,4,474,85.65299999999999),(14,'ProposedBCloudTree',8,2,3,1,2,295,85.458),(14,'ProposedBCloudTree',8,2,3,1,3,368,85.458),(14,'ProposedBCloudTree',8,2,3,1,4,368,85.458),(14,'ProposedBCloudTree',8,2,4,1,2,258,78.41499999999999),(14,'ProposedBCloudTree',8,2,4,1,3,312,78.41499999999999),(14,'ProposedBCloudTree',8,2,4,1,4,313,78.41499999999999),(14,'ProposedBCloudTree',8,2,5,1,2,244,77.51),(14,'ProposedBCloudTree',8,2,5,1,3,298,77.51),(14,'ProposedBCloudTree',8,2,5,1,4,299,77.51),(14,'ProposedBCloudTree',8,2,6,1,2,366,82.403),(14,'ProposedBCloudTree',8,2,6,1,3,443,82.403),(14,'ProposedBCloudTree',8,2,6,1,4,440,82.403),(14,'ProposedBCloudTree',8,2,7,1,2,287,71.945),(14,'ProposedBCloudTree',8,2,7,1,3,339,71.945),(14,'ProposedBCloudTree',8,2,7,1,4,341,71.945),(14,'ProposedBCloudTree',8,2,8,1,2,394,85.965),(14,'ProposedBCloudTree',8,2,8,1,3,484,85.965),(14,'ProposedBCloudTree',8,2,8,1,4,482,85.965),(14,'ProposedBCloudTree',8,2,9,1,2,265,83.70799999999998),(14,'ProposedBCloudTree',8,2,9,1,3,318,83.70799999999998),(14,'ProposedBCloudTree',8,2,9,1,4,320,83.70799999999998),(14,'ProposedBCloudTree',8,3,1,1,2,362,32.792500000000004),(14,'ProposedBCloudTree',8,3,1,1,3,497,32.792500000000004),(14,'ProposedBCloudTree',8,3,1,1,4,624,32.792500000000004),(14,'ProposedBCloudTree',8,3,2,1,2,328,33.0785),(14,'ProposedBCloudTree',8,3,2,1,3,463,33.0785),(14,'ProposedBCloudTree',8,3,2,1,4,589,33.0785),(14,'ProposedBCloudTree',8,3,3,1,2,243,32.32433333333333),(14,'ProposedBCloudTree',8,3,3,1,3,344,32.32433333333333),(14,'ProposedBCloudTree',8,3,3,1,4,479,32.32433333333333),(14,'ProposedBCloudTree',8,3,4,1,2,164,30.436666666666667),(14,'ProposedBCloudTree',8,3,4,1,3,281,30.436666666666667),(14,'ProposedBCloudTree',8,3,4,1,4,425,30.436666666666667),(14,'ProposedBCloudTree',8,3,5,1,2,147,29.33),(14,'ProposedBCloudTree',8,3,5,1,3,267,29.33),(14,'ProposedBCloudTree',8,3,5,1,4,412,29.33),(14,'ProposedBCloudTree',8,3,6,1,2,308,30.690166666666666),(14,'ProposedBCloudTree',8,3,6,1,3,428,30.690166666666666),(14,'ProposedBCloudTree',8,3,6,1,4,556,30.690166666666666),(14,'ProposedBCloudTree',8,3,7,1,2,235,31.41),(14,'ProposedBCloudTree',8,3,7,1,3,310,31.41),(14,'ProposedBCloudTree',8,3,7,1,4,452,31.41),(14,'ProposedBCloudTree',8,3,8,1,2,335,34.659166666666664),(14,'ProposedBCloudTree',8,3,8,1,3,470,34.659166666666664),(14,'ProposedBCloudTree',8,3,8,1,4,596,34.659166666666664),(14,'ProposedBCloudTree',8,3,9,1,2,211,30.235166666666665),(14,'ProposedBCloudTree',8,3,9,1,3,288,30.235166666666665),(14,'ProposedBCloudTree',8,3,9,1,4,432,30.235166666666665),(15,'BCloudTree',1,1,1,1,3,141,85.5925),(15,'BCloudTree',1,1,1,1,4,150,85.5925),(15,'BCloudTree',1,1,2,1,3,7,85.6585),(15,'BCloudTree',1,1,2,1,4,0,85.6585),(15,'BCloudTree',1,1,3,1,3,20,85.491),(15,'BCloudTree',1,1,3,1,4,8,85.491),(15,'BCloudTree',1,1,5,1,3,96,83.56),(15,'BCloudTree',1,1,5,1,4,87,83.56),(15,'BCloudTree',1,1,6,1,3,118,84.6635),(15,'BCloudTree',1,1,6,1,4,118,84.6635),(15,'BCloudTree',1,1,7,1,3,61,82.945),(15,'BCloudTree',1,1,7,1,4,50,82.945),(15,'BCloudTree',1,1,8,1,3,71,85.9925),(15,'BCloudTree',1,1,8,1,4,58,85.9925),(15,'BCloudTree',1,1,9,1,3,35,84.8135),(15,'BCloudTree',1,1,9,1,4,23,84.8135),(15,'BCloudTree',1,2,1,1,3,130,85.565),(15,'BCloudTree',1,2,1,1,4,109,85.565),(15,'BCloudTree',1,2,2,1,3,8,85.65299999999999),(15,'BCloudTree',1,2,2,1,4,0,85.65299999999999),(15,'BCloudTree',1,2,3,1,3,15,85.458),(15,'BCloudTree',1,2,3,1,4,9,85.458),(15,'BCloudTree',1,2,5,1,3,88,77.51),(15,'BCloudTree',1,2,5,1,4,69,77.51),(15,'BCloudTree',1,2,6,1,3,109,82.403),(15,'BCloudTree',1,2,6,1,4,89,82.403),(15,'BCloudTree',1,2,7,1,3,51,71.945),(15,'BCloudTree',1,2,7,1,4,42,71.945),(15,'BCloudTree',1,2,8,1,3,59,85.965),(15,'BCloudTree',1,2,8,1,4,49,85.965),(15,'BCloudTree',1,2,9,1,3,30,83.70799999999998),(15,'BCloudTree',1,2,9,1,4,23,83.70799999999998),(15,'BCloudTree',1,3,1,1,3,113,32.792500000000004),(15,'BCloudTree',1,3,1,1,4,153,32.792500000000004),(15,'BCloudTree',1,3,2,1,3,7,33.0785),(15,'BCloudTree',1,3,2,1,4,1,33.0785),(15,'BCloudTree',1,3,3,1,3,13,32.32433333333333),(15,'BCloudTree',1,3,3,1,4,7,32.32433333333333),(15,'BCloudTree',1,3,5,1,3,73,29.33),(15,'BCloudTree',1,3,5,1,4,113,29.33),(15,'BCloudTree',1,3,6,1,3,93,30.690166666666666),(15,'BCloudTree',1,3,6,1,4,133,30.690166666666666),(15,'BCloudTree',1,3,7,1,3,46,31.41),(15,'BCloudTree',1,3,7,1,4,39,31.41),(15,'BCloudTree',1,3,8,1,3,53,34.659166666666664),(15,'BCloudTree',1,3,8,1,4,45,34.659166666666664),(15,'BCloudTree',1,3,9,1,3,26,30.235166666666665),(15,'BCloudTree',1,3,9,1,4,19,30.235166666666665),(15,'BCloudTree',2,1,1,1,3,229,85.5925),(15,'BCloudTree',2,1,1,1,4,285,85.5925),(15,'BCloudTree',2,1,2,1,3,28,85.6585),(15,'BCloudTree',2,1,2,1,4,15,85.6585),(15,'BCloudTree',2,1,3,1,3,51,85.491),(15,'BCloudTree',2,1,3,1,4,41,85.491),(15,'BCloudTree',2,1,4,1,3,0,83.91499999999999),(15,'BCloudTree',2,1,5,1,3,82,83.56),(15,'BCloudTree',2,1,5,1,4,65,83.56),(15,'BCloudTree',2,1,6,1,3,149,84.6635),(15,'BCloudTree',2,1,6,1,4,158,84.6635),(15,'BCloudTree',2,1,7,1,3,44,82.945),(15,'BCloudTree',2,1,7,1,4,30,82.945),(15,'BCloudTree',2,1,8,1,3,89,85.9925),(15,'BCloudTree',2,1,8,1,4,76,85.9925),(15,'BCloudTree',2,1,9,1,3,126,84.8135),(15,'BCloudTree',2,1,9,1,4,129,84.8135),(15,'BCloudTree',2,2,1,1,3,232,85.565),(15,'BCloudTree',2,2,1,1,4,201,85.565),(15,'BCloudTree',2,2,2,1,3,22,85.65299999999999),(15,'BCloudTree',2,2,2,1,4,15,85.65299999999999),(15,'BCloudTree',2,2,3,1,3,43,85.458),(15,'BCloudTree',2,2,3,1,4,36,85.458),(15,'BCloudTree',2,2,4,1,3,0,78.41499999999999),(15,'BCloudTree',2,2,5,1,3,68,77.51),(15,'BCloudTree',2,2,5,1,4,56,77.51),(15,'BCloudTree',2,2,6,1,3,138,82.403),(15,'BCloudTree',2,2,6,1,4,116,82.403),(15,'BCloudTree',2,2,7,1,3,37,71.945),(15,'BCloudTree',2,2,7,1,4,29,71.945),(15,'BCloudTree',2,2,8,1,3,78,85.965),(15,'BCloudTree',2,2,8,1,4,63,85.965),(15,'BCloudTree',2,2,9,1,3,116,83.70799999999998),(15,'BCloudTree',2,2,9,1,4,95,83.70799999999998),(15,'BCloudTree',2,3,1,1,3,184,32.792500000000004),(15,'BCloudTree',2,3,1,1,4,347,32.792500000000004),(15,'BCloudTree',2,3,2,1,3,20,33.0785),(15,'BCloudTree',2,3,2,1,4,13,33.0785),(15,'BCloudTree',2,3,3,1,3,40,32.32433333333333),(15,'BCloudTree',2,3,3,1,4,33,32.32433333333333),(15,'BCloudTree',2,3,4,1,3,0,30.436666666666667),(15,'BCloudTree',2,3,5,1,3,59,29.33),(15,'BCloudTree',2,3,5,1,4,52,29.33),(15,'BCloudTree',2,3,6,1,3,120,30.690166666666666),(15,'BCloudTree',2,3,6,1,4,160,30.690166666666666),(15,'BCloudTree',2,3,7,1,3,33,31.41),(15,'BCloudTree',2,3,7,1,4,26,31.41),(15,'BCloudTree',2,3,8,1,3,67,34.659166666666664),(15,'BCloudTree',2,3,8,1,4,60,34.659166666666664),(15,'BCloudTree',2,3,9,1,3,100,30.235166666666665),(15,'BCloudTree',2,3,9,1,4,140,30.235166666666665),(15,'BCloudTree',3,1,1,1,3,322,85.5925),(15,'BCloudTree',3,1,1,1,4,387,85.5925),(15,'BCloudTree',3,1,2,1,3,156,85.6585),(15,'BCloudTree',3,1,2,1,4,169,85.6585),(15,'BCloudTree',3,1,3,1,3,178,85.491),(15,'BCloudTree',3,1,3,1,4,214,85.491),(15,'BCloudTree',3,1,4,1,3,111,83.91499999999999),(15,'BCloudTree',3,1,4,1,4,106,83.91499999999999),(15,'BCloudTree',3,1,5,1,3,204,83.56),(15,'BCloudTree',3,1,5,1,4,237,83.56),(15,'BCloudTree',3,1,6,1,3,238,84.6635),(15,'BCloudTree',3,1,6,1,4,294,84.6635),(15,'BCloudTree',3,1,7,1,3,104,82.945),(15,'BCloudTree',3,1,7,1,4,97,82.945),(15,'BCloudTree',3,1,8,1,3,163,85.9925),(15,'BCloudTree',3,1,8,1,4,194,85.9925),(15,'BCloudTree',3,1,9,1,3,212,84.8135),(15,'BCloudTree',3,1,9,1,4,247,84.8135),(15,'BCloudTree',3,2,1,1,3,437,85.565),(15,'BCloudTree',3,2,1,1,4,288,85.565),(15,'BCloudTree',3,2,2,1,3,147,85.65299999999999),(15,'BCloudTree',3,2,2,1,4,124,85.65299999999999),(15,'BCloudTree',3,2,3,1,3,175,85.458),(15,'BCloudTree',3,2,3,1,4,151,85.458),(15,'BCloudTree',3,2,4,1,3,101,78.41499999999999),(15,'BCloudTree',3,2,4,1,4,82,78.41499999999999),(15,'BCloudTree',3,2,5,1,3,205,77.51),(15,'BCloudTree',3,2,5,1,4,177,77.51),(15,'BCloudTree',3,2,6,1,3,240,82.403),(15,'BCloudTree',3,2,6,1,4,208,82.403),(15,'BCloudTree',3,2,7,1,3,95,71.945),(15,'BCloudTree',3,2,7,1,4,76,71.945),(15,'BCloudTree',3,2,8,1,3,157,85.965),(15,'BCloudTree',3,2,8,1,4,132,85.965),(15,'BCloudTree',3,2,9,1,3,216,83.70799999999998),(15,'BCloudTree',3,2,9,1,4,186,83.70799999999998),(15,'BCloudTree',3,3,1,1,3,258,32.792500000000004),(15,'BCloudTree',3,3,1,1,4,424,32.792500000000004),(15,'BCloudTree',3,3,2,1,3,126,33.0785),(15,'BCloudTree',3,3,2,1,4,167,33.0785),(15,'BCloudTree',3,3,3,1,3,146,32.32433333333333),(15,'BCloudTree',3,3,3,1,4,290,32.32433333333333),(15,'BCloudTree',3,3,4,1,3,87,30.436666666666667),(15,'BCloudTree',3,3,4,1,4,127,30.436666666666667),(15,'BCloudTree',3,3,5,1,3,165,29.33),(15,'BCloudTree',3,3,5,1,4,319,29.33),(15,'BCloudTree',3,3,6,1,3,190,30.690166666666666),(15,'BCloudTree',3,3,6,1,4,355,30.690166666666666),(15,'BCloudTree',3,3,7,1,3,79,31.41),(15,'BCloudTree',3,3,7,1,4,120,31.41),(15,'BCloudTree',3,3,8,1,3,133,34.659166666666664),(15,'BCloudTree',3,3,8,1,4,274,34.659166666666664),(15,'BCloudTree',3,3,9,1,3,171,30.235166666666665),(15,'BCloudTree',3,3,9,1,4,328,30.235166666666665),(15,'BCloudTree',4,1,1,1,2,223,85.5925),(15,'BCloudTree',4,1,1,1,3,352,85.5925),(15,'BCloudTree',4,1,1,1,4,417,85.5925),(15,'BCloudTree',4,1,2,1,2,9,85.6585),(15,'BCloudTree',4,1,2,1,3,170,85.6585),(15,'BCloudTree',4,1,2,1,4,203,85.6585),(15,'BCloudTree',4,1,3,1,2,41,85.491),(15,'BCloudTree',4,1,3,1,3,220,85.491),(15,'BCloudTree',4,1,3,1,4,256,85.491),(15,'BCloudTree',4,1,4,1,2,0,83.91499999999999),(15,'BCloudTree',4,1,4,1,3,133,83.91499999999999),(15,'BCloudTree',4,1,4,1,4,139,83.91499999999999),(15,'BCloudTree',4,1,5,1,2,87,83.56),(15,'BCloudTree',4,1,5,1,3,264,83.56),(15,'BCloudTree',4,1,5,1,4,321,83.56),(15,'BCloudTree',4,1,6,1,2,118,84.6635),(15,'BCloudTree',4,1,6,1,3,292,84.6635),(15,'BCloudTree',4,1,6,1,4,354,84.6635),(15,'BCloudTree',4,1,7,1,2,68,82.945),(15,'BCloudTree',4,1,7,1,3,246,82.945),(15,'BCloudTree',4,1,7,1,4,304,82.945),(15,'BCloudTree',4,1,8,1,2,21,85.9925),(15,'BCloudTree',4,1,8,1,3,187,85.9925),(15,'BCloudTree',4,1,8,1,4,221,85.9925),(15,'BCloudTree',4,1,9,1,2,76,84.8135),(15,'BCloudTree',4,1,9,1,3,255,84.8135),(15,'BCloudTree',4,1,9,1,4,312,84.8135),(15,'BCloudTree',4,2,1,1,2,120,85.565),(15,'BCloudTree',4,2,1,1,3,472,85.565),(15,'BCloudTree',4,2,1,1,4,315,85.565),(15,'BCloudTree',4,2,2,1,2,7,85.65299999999999),(15,'BCloudTree',4,2,2,1,3,167,85.65299999999999),(15,'BCloudTree',4,2,2,1,4,140,85.65299999999999),(15,'BCloudTree',4,2,3,1,2,28,85.458),(15,'BCloudTree',4,2,3,1,3,224,85.458),(15,'BCloudTree',4,2,3,1,4,193,85.458),(15,'BCloudTree',4,2,4,1,2,0,78.41499999999999),(15,'BCloudTree',4,2,4,1,3,123,78.41499999999999),(15,'BCloudTree',4,2,4,1,4,102,78.41499999999999),(15,'BCloudTree',4,2,5,1,2,48,77.51),(15,'BCloudTree',4,2,5,1,3,371,77.51),(15,'BCloudTree',4,2,5,1,4,238,77.51),(15,'BCloudTree',4,2,6,1,2,70,82.403),(15,'BCloudTree',4,2,6,1,3,399,82.403),(15,'BCloudTree',4,2,6,1,4,258,82.403),(15,'BCloudTree',4,2,7,1,2,35,71.945),(15,'BCloudTree',4,2,7,1,3,250,71.945),(15,'BCloudTree',4,2,7,1,4,218,71.945),(15,'BCloudTree',4,2,8,1,2,14,85.965),(15,'BCloudTree',4,2,8,1,3,187,85.965),(15,'BCloudTree',4,2,8,1,4,159,85.965),(15,'BCloudTree',4,2,9,1,2,42,83.70799999999998),(15,'BCloudTree',4,2,9,1,3,260,83.70799999999998),(15,'BCloudTree',4,2,9,1,4,232,83.70799999999998),(15,'BCloudTree',4,3,1,1,2,116,32.792500000000004),(15,'BCloudTree',4,3,1,1,3,284,32.792500000000004),(15,'BCloudTree',4,3,1,1,4,455,32.792500000000004),(15,'BCloudTree',4,3,2,1,2,7,33.0785),(15,'BCloudTree',4,3,2,1,3,140,33.0785),(15,'BCloudTree',4,3,2,1,4,282,33.0785),(15,'BCloudTree',4,3,3,1,2,27,32.32433333333333),(15,'BCloudTree',4,3,3,1,3,177,32.32433333333333),(15,'BCloudTree',4,3,3,1,4,338,32.32433333333333),(15,'BCloudTree',4,3,4,1,2,0,30.436666666666667),(15,'BCloudTree',4,3,4,1,3,107,30.436666666666667),(15,'BCloudTree',4,3,4,1,4,146,30.436666666666667),(15,'BCloudTree',4,3,5,1,2,49,29.33),(15,'BCloudTree',4,3,5,1,3,210,29.33),(15,'BCloudTree',4,3,5,1,4,376,29.33),(15,'BCloudTree',4,3,6,1,2,69,30.690166666666666),(15,'BCloudTree',4,3,6,1,3,231,30.690166666666666),(15,'BCloudTree',4,3,6,1,4,397,30.690166666666666),(15,'BCloudTree',4,3,7,1,2,34,31.41),(15,'BCloudTree',4,3,7,1,3,197,31.41),(15,'BCloudTree',4,3,7,1,4,362,31.41),(15,'BCloudTree',4,3,8,1,2,14,34.659166666666664),(15,'BCloudTree',4,3,8,1,3,152,34.659166666666664),(15,'BCloudTree',4,3,8,1,4,301,34.659166666666664),(15,'BCloudTree',4,3,9,1,2,42,30.235166666666665),(15,'BCloudTree',4,3,9,1,3,203,30.235166666666665),(15,'BCloudTree',4,3,9,1,4,369,30.235166666666665),(15,'BCloudTree',5,1,1,1,2,396,85.5925),(15,'BCloudTree',5,1,1,1,3,497,85.5925),(15,'BCloudTree',5,1,1,1,4,553,85.5925),(15,'BCloudTree',5,1,2,1,2,98,85.6585),(15,'BCloudTree',5,1,2,1,3,274,85.6585),(15,'BCloudTree',5,1,2,1,4,331,85.6585),(15,'BCloudTree',5,1,3,1,2,108,85.491),(15,'BCloudTree',5,1,3,1,3,284,85.491),(15,'BCloudTree',5,1,3,1,4,339,85.491),(15,'BCloudTree',5,1,4,1,2,30,83.91499999999999),(15,'BCloudTree',5,1,4,1,3,195,83.91499999999999),(15,'BCloudTree',5,1,4,1,4,229,83.91499999999999),(15,'BCloudTree',5,1,5,1,2,163,83.56),(15,'BCloudTree',5,1,5,1,3,315,83.56),(15,'BCloudTree',5,1,5,1,4,380,83.56),(15,'BCloudTree',5,1,6,1,2,233,84.6635),(15,'BCloudTree',5,1,6,1,3,359,84.6635),(15,'BCloudTree',5,1,6,1,4,424,84.6635),(15,'BCloudTree',5,1,7,1,2,152,82.945),(15,'BCloudTree',5,1,7,1,3,309,82.945),(15,'BCloudTree',5,1,7,1,4,372,82.945),(15,'BCloudTree',5,1,8,1,2,172,85.9925),(15,'BCloudTree',5,1,8,1,3,329,85.9925),(15,'BCloudTree',5,1,8,1,4,396,85.9925),(15,'BCloudTree',5,1,9,1,2,143,84.8135),(15,'BCloudTree',5,1,9,1,3,301,84.8135),(15,'BCloudTree',5,1,9,1,4,363,84.8135),(15,'BCloudTree',5,2,1,1,2,249,85.565),(15,'BCloudTree',5,2,1,1,3,650,85.565),(15,'BCloudTree',5,2,1,1,4,434,85.565),(15,'BCloudTree',5,2,2,1,2,56,85.65299999999999),(15,'BCloudTree',5,2,2,1,3,380,85.65299999999999),(15,'BCloudTree',5,2,2,1,4,245,85.65299999999999),(15,'BCloudTree',5,2,3,1,2,63,85.458),(15,'BCloudTree',5,2,3,1,3,390,85.458),(15,'BCloudTree',5,2,3,1,4,251,85.458),(15,'BCloudTree',5,2,4,1,2,21,78.41499999999999),(15,'BCloudTree',5,2,4,1,3,196,78.41499999999999),(15,'BCloudTree',5,2,4,1,4,168,78.41499999999999),(15,'BCloudTree',5,2,5,1,2,92,77.51),(15,'BCloudTree',5,2,5,1,3,426,77.51),(15,'BCloudTree',5,2,5,1,4,278,77.51),(15,'BCloudTree',5,2,6,1,2,127,82.403),(15,'BCloudTree',5,2,6,1,3,481,82.403),(15,'BCloudTree',5,2,6,1,4,321,82.403),(15,'BCloudTree',5,2,7,1,2,85,71.945),(15,'BCloudTree',5,2,7,1,3,417,71.945),(15,'BCloudTree',5,2,7,1,4,271,71.945),(15,'BCloudTree',5,2,8,1,2,99,85.965),(15,'BCloudTree',5,2,8,1,3,445,85.965),(15,'BCloudTree',5,2,8,1,4,295,85.965),(15,'BCloudTree',5,2,9,1,2,77,83.70799999999998),(15,'BCloudTree',5,2,9,1,3,409,83.70799999999998),(15,'BCloudTree',5,2,9,1,4,265,83.70799999999998),(15,'BCloudTree',5,3,1,1,2,248,32.792500000000004),(15,'BCloudTree',5,3,1,1,3,405,32.792500000000004),(15,'BCloudTree',5,3,1,1,4,581,32.792500000000004),(15,'BCloudTree',5,3,2,1,2,56,33.0785),(15,'BCloudTree',5,3,2,1,3,217,33.0785),(15,'BCloudTree',5,3,2,1,4,383,33.0785),(15,'BCloudTree',5,3,3,1,2,62,32.32433333333333),(15,'BCloudTree',5,3,3,1,3,224,32.32433333333333),(15,'BCloudTree',5,3,3,1,4,390,32.32433333333333),(15,'BCloudTree',5,3,4,1,2,20,30.436666666666667),(15,'BCloudTree',5,3,4,1,3,159,30.436666666666667),(15,'BCloudTree',5,3,4,1,4,310,30.436666666666667),(15,'BCloudTree',5,3,5,1,2,90,29.33),(15,'BCloudTree',5,3,5,1,3,251,29.33),(15,'BCloudTree',5,3,5,1,4,418,29.33),(15,'BCloudTree',5,3,6,1,2,123,30.690166666666666),(15,'BCloudTree',5,3,6,1,3,291,30.690166666666666),(15,'BCloudTree',5,3,6,1,4,462,30.690166666666666),(15,'BCloudTree',5,3,7,1,2,82,31.41),(15,'BCloudTree',5,3,7,1,3,245,31.41),(15,'BCloudTree',5,3,7,1,4,411,31.41),(15,'BCloudTree',5,3,8,1,2,97,34.659166666666664),(15,'BCloudTree',5,3,8,1,3,264,34.659166666666664),(15,'BCloudTree',5,3,8,1,4,433,34.659166666666664),(15,'BCloudTree',5,3,9,1,2,75,30.235166666666665),(15,'BCloudTree',5,3,9,1,3,237,30.235166666666665),(15,'BCloudTree',5,3,9,1,4,404,30.235166666666665),(15,'BCloudTree',6,1,1,1,2,525,85.5925),(15,'BCloudTree',6,1,1,1,3,546,85.5925),(15,'BCloudTree',6,1,1,1,4,602,85.5925),(15,'BCloudTree',6,1,2,1,2,244,85.6585),(15,'BCloudTree',6,1,2,1,3,366,85.6585),(15,'BCloudTree',6,1,2,1,4,431,85.6585),(15,'BCloudTree',6,1,3,1,2,310,85.491),(15,'BCloudTree',6,1,3,1,3,405,85.491),(15,'BCloudTree',6,1,3,1,4,474,85.491),(15,'BCloudTree',6,1,4,1,2,185,83.91499999999999),(15,'BCloudTree',6,1,4,1,3,338,83.91499999999999),(15,'BCloudTree',6,1,4,1,4,403,83.91499999999999),(15,'BCloudTree',6,1,5,1,2,339,83.56),(15,'BCloudTree',6,1,5,1,3,440,83.56),(15,'BCloudTree',6,1,5,1,4,503,83.56),(15,'BCloudTree',6,1,6,1,2,317,84.6635),(15,'BCloudTree',6,1,6,1,3,414,84.6635),(15,'BCloudTree',6,1,6,1,4,481,84.6635),(15,'BCloudTree',6,1,7,1,2,195,82.945),(15,'BCloudTree',6,1,7,1,3,345,82.945),(15,'BCloudTree',6,1,7,1,4,410,82.945),(15,'BCloudTree',6,1,8,1,2,256,85.9925),(15,'BCloudTree',6,1,8,1,3,374,85.9925),(15,'BCloudTree',6,1,8,1,4,439,85.9925),(15,'BCloudTree',6,1,9,1,2,332,84.8135),(15,'BCloudTree',6,1,9,1,3,432,84.8135),(15,'BCloudTree',6,1,9,1,4,496,84.8135),(15,'BCloudTree',6,2,1,1,2,304,85.565),(15,'BCloudTree',6,2,1,1,3,748,85.565),(15,'BCloudTree',6,2,1,1,4,483,85.565),(15,'BCloudTree',6,2,2,1,2,133,85.65299999999999),(15,'BCloudTree',6,2,2,1,3,506,85.65299999999999),(15,'BCloudTree',6,2,2,1,4,328,85.65299999999999),(15,'BCloudTree',6,2,3,1,2,169,85.458),(15,'BCloudTree',6,2,3,1,3,550,85.458),(15,'BCloudTree',6,2,3,1,4,361,85.458),(15,'BCloudTree',6,2,4,1,2,107,78.41499999999999),(15,'BCloudTree',6,2,4,1,3,454,78.41499999999999),(15,'BCloudTree',6,2,4,1,4,301,78.41499999999999),(15,'BCloudTree',6,2,5,1,2,198,77.51),(15,'BCloudTree',6,2,5,1,3,587,77.51),(15,'BCloudTree',6,2,5,1,4,387,77.51),(15,'BCloudTree',6,2,6,1,2,176,82.403),(15,'BCloudTree',6,2,6,1,3,559,82.403),(15,'BCloudTree',6,2,6,1,4,368,82.403),(15,'BCloudTree',6,2,7,1,2,114,71.945),(15,'BCloudTree',6,2,7,1,3,463,71.945),(15,'BCloudTree',6,2,7,1,4,308,71.945),(15,'BCloudTree',6,2,8,1,2,140,85.965),(15,'BCloudTree',6,2,8,1,3,514,85.965),(15,'BCloudTree',6,2,8,1,4,334,85.965),(15,'BCloudTree',6,2,9,1,2,190,83.70799999999998),(15,'BCloudTree',6,2,9,1,3,577,83.70799999999998),(15,'BCloudTree',6,2,9,1,4,381,83.70799999999998),(15,'BCloudTree',6,3,1,1,2,295,32.792500000000004),(15,'BCloudTree',6,3,1,1,3,454,32.792500000000004),(15,'BCloudTree',6,3,1,1,4,628,32.792500000000004),(15,'BCloudTree',6,3,2,1,2,131,33.0785),(15,'BCloudTree',6,3,2,1,3,298,33.0785),(15,'BCloudTree',6,3,2,1,4,469,33.0785),(15,'BCloudTree',6,3,3,1,2,168,32.32433333333333),(15,'BCloudTree',6,3,3,1,3,330,32.32433333333333),(15,'BCloudTree',6,3,3,1,4,501,32.32433333333333),(15,'BCloudTree',6,3,4,1,2,103,30.436666666666667),(15,'BCloudTree',6,3,4,1,3,271,30.436666666666667),(15,'BCloudTree',6,3,4,1,4,442,30.436666666666667),(15,'BCloudTree',6,3,5,1,2,195,29.33),(15,'BCloudTree',6,3,5,1,3,358,29.33),(15,'BCloudTree',6,3,5,1,4,528,29.33),(15,'BCloudTree',6,3,6,1,2,175,30.690166666666666),(15,'BCloudTree',6,3,6,1,3,337,30.690166666666666),(15,'BCloudTree',6,3,6,1,4,508,30.690166666666666),(15,'BCloudTree',6,3,7,1,2,109,31.41),(15,'BCloudTree',6,3,7,1,3,278,31.41),(15,'BCloudTree',6,3,7,1,4,449,31.41),(15,'BCloudTree',6,3,8,1,2,137,34.659166666666664),(15,'BCloudTree',6,3,8,1,3,304,34.659166666666664),(15,'BCloudTree',6,3,8,1,4,475,34.659166666666664),(15,'BCloudTree',6,3,9,1,2,188,30.235166666666665),(15,'BCloudTree',6,3,9,1,3,352,30.235166666666665),(15,'BCloudTree',6,3,9,1,4,521,30.235166666666665),(15,'BCloudTree',7,1,1,1,2,533,85.5925),(15,'BCloudTree',7,1,1,1,3,554,85.5925),(15,'BCloudTree',7,1,1,1,4,609,85.5925),(15,'BCloudTree',7,1,2,1,2,355,85.6585),(15,'BCloudTree',7,1,2,1,3,457,85.6585),(15,'BCloudTree',7,1,2,1,4,518,85.6585),(15,'BCloudTree',7,1,3,1,2,388,85.491),(15,'BCloudTree',7,1,3,1,3,489,85.491),(15,'BCloudTree',7,1,3,1,4,545,85.491),(15,'BCloudTree',7,1,4,1,2,275,83.91499999999999),(15,'BCloudTree',7,1,4,1,3,388,83.91499999999999),(15,'BCloudTree',7,1,4,1,4,459,83.91499999999999),(15,'BCloudTree',7,1,5,1,2,419,83.56),(15,'BCloudTree',7,1,5,1,3,518,83.56),(15,'BCloudTree',7,1,5,1,4,573,83.56),(15,'BCloudTree',7,1,6,1,2,365,84.6635),(15,'BCloudTree',7,1,6,1,3,465,84.6635),(15,'BCloudTree',7,1,6,1,4,525,84.6635),(15,'BCloudTree',7,1,7,1,2,265,82.945),(15,'BCloudTree',7,1,7,1,3,381,82.945),(15,'BCloudTree',7,1,7,1,4,452,82.945),(15,'BCloudTree',7,1,8,1,2,325,85.9925),(15,'BCloudTree',7,1,8,1,3,424,85.9925),(15,'BCloudTree',7,1,8,1,4,489,85.9925),(15,'BCloudTree',7,1,9,1,2,411,84.8135),(15,'BCloudTree',7,1,9,1,3,511,84.8135),(15,'BCloudTree',7,1,9,1,4,566,84.8135),(15,'BCloudTree',7,2,1,1,2,312,85.565),(15,'BCloudTree',7,2,1,1,3,754,85.565),(15,'BCloudTree',7,2,1,1,4,490,85.565),(15,'BCloudTree',7,2,2,1,2,212,85.65299999999999),(15,'BCloudTree',7,2,2,1,3,603,85.65299999999999),(15,'BCloudTree',7,2,2,1,4,400,85.65299999999999),(15,'BCloudTree',7,2,3,1,2,242,85.458),(15,'BCloudTree',7,2,3,1,3,642,85.458),(15,'BCloudTree',7,2,3,1,4,427,85.458),(15,'BCloudTree',7,2,4,1,2,154,78.41499999999999),(15,'BCloudTree',7,2,4,1,3,533,78.41499999999999),(15,'BCloudTree',7,2,4,1,4,347,78.41499999999999),(15,'BCloudTree',7,2,5,1,2,275,77.51),(15,'BCloudTree',7,2,5,1,3,676,77.51),(15,'BCloudTree',7,2,5,1,4,455,77.51),(15,'BCloudTree',7,2,6,1,2,219,82.403),(15,'BCloudTree',7,2,6,1,3,612,82.403),(15,'BCloudTree',7,2,6,1,4,407,82.403),(15,'BCloudTree',7,2,7,1,2,147,71.945),(15,'BCloudTree',7,2,7,1,3,524,71.945),(15,'BCloudTree',7,2,7,1,4,341,71.945),(15,'BCloudTree',7,2,8,1,2,183,85.965),(15,'BCloudTree',7,2,8,1,3,569,85.965),(15,'BCloudTree',7,2,8,1,4,374,85.965),(15,'BCloudTree',7,2,9,1,2,267,83.70799999999998),(15,'BCloudTree',7,2,9,1,3,668,83.70799999999998),(15,'BCloudTree',7,2,9,1,4,448,83.70799999999998),(15,'BCloudTree',7,3,1,1,2,302,32.792500000000004),(15,'BCloudTree',7,3,1,1,3,460,32.792500000000004),(15,'BCloudTree',7,3,1,1,4,634,32.792500000000004),(15,'BCloudTree',7,3,2,1,2,209,33.0785),(15,'BCloudTree',7,3,2,1,3,371,33.0785),(15,'BCloudTree',7,3,2,1,4,543,33.0785),(15,'BCloudTree',7,3,3,1,2,241,32.32433333333333),(15,'BCloudTree',7,3,3,1,3,398,32.32433333333333),(15,'BCloudTree',7,3,3,1,4,575,32.32433333333333),(15,'BCloudTree',7,3,4,1,2,151,30.436666666666667),(15,'BCloudTree',7,3,4,1,3,318,30.436666666666667),(15,'BCloudTree',7,3,4,1,4,488,30.436666666666667),(15,'BCloudTree',7,3,5,1,2,268,29.33),(15,'BCloudTree',7,3,5,1,3,427,29.33),(15,'BCloudTree',7,3,5,1,4,601,29.33),(15,'BCloudTree',7,3,6,1,2,216,30.690166666666666),(15,'BCloudTree',7,3,6,1,3,378,30.690166666666666),(15,'BCloudTree',7,3,6,1,4,553,30.690166666666666),(15,'BCloudTree',7,3,7,1,2,145,31.41),(15,'BCloudTree',7,3,7,1,3,311,31.41),(15,'BCloudTree',7,3,7,1,4,482,31.41),(15,'BCloudTree',7,3,8,1,2,181,34.659166666666664),(15,'BCloudTree',7,3,8,1,3,345,34.659166666666664),(15,'BCloudTree',7,3,8,1,4,514,34.659166666666664),(15,'BCloudTree',7,3,9,1,2,261,30.235166666666665),(15,'BCloudTree',7,3,9,1,3,417,30.235166666666665),(15,'BCloudTree',7,3,9,1,4,594,30.235166666666665),(15,'BCloudTree',8,1,1,1,2,540,85.5925),(15,'BCloudTree',8,1,1,1,3,561,85.5925),(15,'BCloudTree',8,1,1,1,4,617,85.5925),(15,'BCloudTree',8,1,2,1,2,372,85.6585),(15,'BCloudTree',8,1,2,1,3,472,85.6585),(15,'BCloudTree',8,1,2,1,4,532,85.6585),(15,'BCloudTree',8,1,3,1,2,404,85.491),(15,'BCloudTree',8,1,3,1,3,504,85.491),(15,'BCloudTree',8,1,3,1,4,560,85.491),(15,'BCloudTree',8,1,4,1,2,301,83.91499999999999),(15,'BCloudTree',8,1,4,1,3,396,83.91499999999999),(15,'BCloudTree',8,1,4,1,4,467,83.91499999999999),(15,'BCloudTree',8,1,5,1,2,434,83.56),(15,'BCloudTree',8,1,5,1,3,532,83.56),(15,'BCloudTree',8,1,5,1,4,588,83.56),(15,'BCloudTree',8,1,6,1,2,518,84.6635),(15,'BCloudTree',8,1,6,1,3,539,84.6635),(15,'BCloudTree',8,1,6,1,4,595,84.6635),(15,'BCloudTree',8,1,7,1,2,346,82.945),(15,'BCloudTree',8,1,7,1,3,449,82.945),(15,'BCloudTree',8,1,7,1,4,510,82.945),(15,'BCloudTree',8,1,8,1,2,380,85.9925),(15,'BCloudTree',8,1,8,1,3,479,85.9925),(15,'BCloudTree',8,1,8,1,4,538,85.9925),(15,'BCloudTree',8,1,9,1,2,426,84.8135),(15,'BCloudTree',8,1,9,1,3,525,84.8135),(15,'BCloudTree',8,1,9,1,4,580,84.8135),(15,'BCloudTree',8,2,1,1,2,318,85.565),(15,'BCloudTree',8,2,1,1,3,761,85.565),(15,'BCloudTree',8,2,1,1,4,497,85.565),(15,'BCloudTree',8,2,2,1,2,227,85.65299999999999),(15,'BCloudTree',8,2,2,1,3,620,85.65299999999999),(15,'BCloudTree',8,2,2,1,4,413,85.65299999999999),(15,'BCloudTree',8,2,3,1,2,259,85.458),(15,'BCloudTree',8,2,3,1,3,658,85.458),(15,'BCloudTree',8,2,3,1,4,441,85.458),(15,'BCloudTree',8,2,4,1,2,160,78.41499999999999),(15,'BCloudTree',8,2,4,1,3,541,78.41499999999999),(15,'BCloudTree',8,2,4,1,4,354,78.41499999999999),(15,'BCloudTree',8,2,5,1,2,289,77.51),(15,'BCloudTree',8,2,5,1,3,735,77.51),(15,'BCloudTree',8,2,5,1,4,469,77.51),(15,'BCloudTree',8,2,6,1,2,296,82.403),(15,'BCloudTree',8,2,6,1,3,742,82.403),(15,'BCloudTree',8,2,6,1,4,476,82.403),(15,'BCloudTree',8,2,7,1,2,205,71.945),(15,'BCloudTree',8,2,7,1,3,596,71.945),(15,'BCloudTree',8,2,7,1,4,394,71.945),(15,'BCloudTree',8,2,8,1,2,234,85.965),(15,'BCloudTree',8,2,8,1,3,633,85.965),(15,'BCloudTree',8,2,8,1,4,420,85.965),(15,'BCloudTree',8,2,9,1,2,282,83.70799999999998),(15,'BCloudTree',8,2,9,1,3,728,83.70799999999998),(15,'BCloudTree',8,2,9,1,4,462,83.70799999999998),(15,'BCloudTree',8,3,1,1,2,309,32.792500000000004),(15,'BCloudTree',8,3,1,1,3,467,32.792500000000004),(15,'BCloudTree',8,3,1,1,4,641,32.792500000000004),(15,'BCloudTree',8,3,2,1,2,225,33.0785),(15,'BCloudTree',8,3,2,1,3,384,33.0785),(15,'BCloudTree',8,3,2,1,4,562,33.0785),(15,'BCloudTree',8,3,3,1,2,255,32.32433333333333),(15,'BCloudTree',8,3,3,1,3,411,32.32433333333333),(15,'BCloudTree',8,3,3,1,4,587,32.32433333333333),(15,'BCloudTree',8,3,4,1,2,160,30.436666666666667),(15,'BCloudTree',8,3,4,1,3,324,30.436666666666667),(15,'BCloudTree',8,3,4,1,4,495,30.436666666666667),(15,'BCloudTree',8,3,5,1,2,282,29.33),(15,'BCloudTree',8,3,5,1,3,441,29.33),(15,'BCloudTree',8,3,5,1,4,614,29.33),(15,'BCloudTree',8,3,6,1,2,289,30.690166666666666),(15,'BCloudTree',8,3,6,1,3,448,30.690166666666666),(15,'BCloudTree',8,3,6,1,4,621,30.690166666666666),(15,'BCloudTree',8,3,7,1,2,202,31.41),(15,'BCloudTree',8,3,7,1,3,365,31.41),(15,'BCloudTree',8,3,7,1,4,535,31.41),(15,'BCloudTree',8,3,8,1,2,233,34.659166666666664),(15,'BCloudTree',8,3,8,1,3,391,34.659166666666664),(15,'BCloudTree',8,3,8,1,4,568,34.659166666666664),(15,'BCloudTree',8,3,9,1,2,275,30.235166666666665),(15,'BCloudTree',8,3,9,1,3,434,30.235166666666665),(15,'BCloudTree',8,3,9,1,4,608,30.235166666666665),(15,'BPlusCloudTree',1,1,1,1,3,130,85.5925),(15,'BPlusCloudTree',1,1,1,1,4,127,85.5925),(15,'BPlusCloudTree',1,1,2,1,3,55,85.6585),(15,'BPlusCloudTree',1,1,2,1,4,54,85.6585),(15,'BPlusCloudTree',1,1,3,1,3,21,85.491),(15,'BPlusCloudTree',1,1,3,1,4,20,85.491),(15,'BPlusCloudTree',1,1,4,1,3,7,83.91499999999999),(15,'BPlusCloudTree',1,1,4,1,4,7,83.91499999999999),(15,'BPlusCloudTree',1,1,5,1,3,48,83.56),(15,'BPlusCloudTree',1,1,5,1,4,47,83.56),(15,'BPlusCloudTree',1,1,6,1,3,109,84.6635),(15,'BPlusCloudTree',1,1,6,1,4,107,84.6635),(15,'BPlusCloudTree',1,1,7,1,3,14,82.945),(15,'BPlusCloudTree',1,1,7,1,4,14,82.945),(15,'BPlusCloudTree',1,1,8,1,3,82,85.9925),(15,'BPlusCloudTree',1,1,8,1,4,81,85.9925),(15,'BPlusCloudTree',1,1,9,1,3,0,84.8135),(15,'BPlusCloudTree',1,1,9,1,4,0,84.8135),(15,'BPlusCloudTree',1,2,1,1,3,152,85.565),(15,'BPlusCloudTree',1,2,1,1,4,131,85.565),(15,'BPlusCloudTree',1,2,2,1,3,75,85.65299999999999),(15,'BPlusCloudTree',1,2,2,1,4,53,85.65299999999999),(15,'BPlusCloudTree',1,2,3,1,3,24,85.458),(15,'BPlusCloudTree',1,2,3,1,4,20,85.458),(15,'BPlusCloudTree',1,2,4,1,3,8,78.41499999999999),(15,'BPlusCloudTree',1,2,4,1,4,7,78.41499999999999),(15,'BPlusCloudTree',1,2,5,1,3,69,77.51),(15,'BPlusCloudTree',1,2,5,1,4,46,77.51),(15,'BPlusCloudTree',1,2,6,1,3,127,82.403),(15,'BPlusCloudTree',1,2,6,1,4,112,82.403),(15,'BPlusCloudTree',1,2,7,1,3,16,71.945),(15,'BPlusCloudTree',1,2,7,1,4,13,71.945),(15,'BPlusCloudTree',1,2,8,1,3,100,85.965),(15,'BPlusCloudTree',1,2,8,1,4,83,85.965),(15,'BPlusCloudTree',1,2,9,1,3,1,83.70799999999998),(15,'BPlusCloudTree',1,2,9,1,4,0,83.70799999999998),(15,'BPlusCloudTree',1,3,1,1,3,126,32.792500000000004),(15,'BPlusCloudTree',1,3,1,1,4,126,32.792500000000004),(15,'BPlusCloudTree',1,3,2,1,3,53,33.0785),(15,'BPlusCloudTree',1,3,2,1,4,49,33.0785),(15,'BPlusCloudTree',1,3,3,1,3,20,32.32433333333333),(15,'BPlusCloudTree',1,3,3,1,4,18,32.32433333333333),(15,'BPlusCloudTree',1,3,4,1,3,7,30.436666666666667),(15,'BPlusCloudTree',1,3,4,1,4,6,30.436666666666667),(15,'BPlusCloudTree',1,3,5,1,3,46,29.33),(15,'BPlusCloudTree',1,3,5,1,4,43,29.33),(15,'BPlusCloudTree',1,3,6,1,3,107,30.690166666666666),(15,'BPlusCloudTree',1,3,6,1,4,105,30.690166666666666),(15,'BPlusCloudTree',1,3,7,1,3,14,31.41),(15,'BPlusCloudTree',1,3,7,1,4,12,31.41),(15,'BPlusCloudTree',1,3,8,1,3,79,34.659166666666664),(15,'BPlusCloudTree',1,3,8,1,4,77,34.659166666666664),(15,'BPlusCloudTree',1,3,9,1,3,1,30.235166666666665),(15,'BPlusCloudTree',1,3,9,1,4,0,30.235166666666665),(15,'BPlusCloudTree',2,1,1,1,3,157,85.5925),(15,'BPlusCloudTree',2,1,1,1,4,155,85.5925),(15,'BPlusCloudTree',2,1,2,1,3,116,85.6585),(15,'BPlusCloudTree',2,1,2,1,4,114,85.6585),(15,'BPlusCloudTree',2,1,3,1,3,61,85.491),(15,'BPlusCloudTree',2,1,3,1,4,61,85.491),(15,'BPlusCloudTree',2,1,4,1,3,41,83.91499999999999),(15,'BPlusCloudTree',2,1,4,1,4,40,83.91499999999999),(15,'BPlusCloudTree',2,1,5,1,3,34,83.56),(15,'BPlusCloudTree',2,1,5,1,4,34,83.56),(15,'BPlusCloudTree',2,1,6,1,3,144,84.6635),(15,'BPlusCloudTree',2,1,6,1,4,141,84.6635),(15,'BPlusCloudTree',2,1,7,1,3,69,82.945),(15,'BPlusCloudTree',2,1,7,1,4,68,82.945),(15,'BPlusCloudTree',2,1,8,1,3,137,85.9925),(15,'BPlusCloudTree',2,1,8,1,4,134,85.9925),(15,'BPlusCloudTree',2,1,9,1,3,27,84.8135),(15,'BPlusCloudTree',2,1,9,1,4,27,84.8135),(15,'BPlusCloudTree',2,2,1,1,3,179,85.565),(15,'BPlusCloudTree',2,2,1,1,4,158,85.565),(15,'BPlusCloudTree',2,2,2,1,3,136,85.65299999999999),(15,'BPlusCloudTree',2,2,2,1,4,118,85.65299999999999),(15,'BPlusCloudTree',2,2,3,1,3,81,85.458),(15,'BPlusCloudTree',2,2,3,1,4,59,85.458),(15,'BPlusCloudTree',2,2,4,1,3,62,78.41499999999999),(15,'BPlusCloudTree',2,2,4,1,4,40,78.41499999999999),(15,'BPlusCloudTree',2,2,5,1,3,55,77.51),(15,'BPlusCloudTree',2,2,5,1,4,33,77.51),(15,'BPlusCloudTree',2,2,6,1,3,167,82.403),(15,'BPlusCloudTree',2,2,6,1,4,145,82.403),(15,'BPlusCloudTree',2,2,7,1,3,87,71.945),(15,'BPlusCloudTree',2,2,7,1,4,70,71.945),(15,'BPlusCloudTree',2,2,8,1,3,160,85.965),(15,'BPlusCloudTree',2,2,8,1,4,138,85.965),(15,'BPlusCloudTree',2,2,9,1,3,48,83.70799999999998),(15,'BPlusCloudTree',2,2,9,1,4,26,83.70799999999998),(15,'BPlusCloudTree',2,3,1,1,3,152,32.792500000000004),(15,'BPlusCloudTree',2,3,1,1,4,178,32.792500000000004),(15,'BPlusCloudTree',2,3,2,1,3,113,33.0785),(15,'BPlusCloudTree',2,3,2,1,4,111,33.0785),(15,'BPlusCloudTree',2,3,3,1,3,60,32.32433333333333),(15,'BPlusCloudTree',2,3,3,1,4,56,32.32433333333333),(15,'BPlusCloudTree',2,3,4,1,3,40,30.436666666666667),(15,'BPlusCloudTree',2,3,4,1,4,36,30.436666666666667),(15,'BPlusCloudTree',2,3,5,1,3,33,29.33),(15,'BPlusCloudTree',2,3,5,1,4,30,29.33),(15,'BPlusCloudTree',2,3,6,1,3,138,30.690166666666666),(15,'BPlusCloudTree',2,3,6,1,4,142,30.690166666666666),(15,'BPlusCloudTree',2,3,7,1,3,66,31.41),(15,'BPlusCloudTree',2,3,7,1,4,62,31.41),(15,'BPlusCloudTree',2,3,8,1,3,132,34.659166666666664),(15,'BPlusCloudTree',2,3,8,1,4,133,34.659166666666664),(15,'BPlusCloudTree',2,3,9,1,3,27,30.235166666666665),(15,'BPlusCloudTree',2,3,9,1,4,24,30.235166666666665),(15,'BPlusCloudTree',3,1,1,1,3,210,85.5925),(15,'BPlusCloudTree',3,1,1,1,4,211,85.5925),(15,'BPlusCloudTree',3,1,2,1,3,150,85.6585),(15,'BPlusCloudTree',3,1,2,1,4,148,85.6585),(15,'BPlusCloudTree',3,1,3,1,3,122,85.491),(15,'BPlusCloudTree',3,1,3,1,4,121,85.491),(15,'BPlusCloudTree',3,1,4,1,3,89,83.91499999999999),(15,'BPlusCloudTree',3,1,4,1,4,87,83.91499999999999),(15,'BPlusCloudTree',3,1,5,1,3,76,83.56),(15,'BPlusCloudTree',3,1,5,1,4,74,83.56),(15,'BPlusCloudTree',3,1,6,1,3,163,84.6635),(15,'BPlusCloudTree',3,1,6,1,4,162,84.6635),(15,'BPlusCloudTree',3,1,7,1,3,101,82.945),(15,'BPlusCloudTree',3,1,7,1,4,101,82.945),(15,'BPlusCloudTree',3,1,8,1,3,170,85.9925),(15,'BPlusCloudTree',3,1,8,1,4,168,85.9925),(15,'BPlusCloudTree',3,1,9,1,3,95,84.8135),(15,'BPlusCloudTree',3,1,9,1,4,94,84.8135),(15,'BPlusCloudTree',3,2,1,1,3,238,85.565),(15,'BPlusCloudTree',3,2,1,1,4,210,85.565),(15,'BPlusCloudTree',3,2,2,1,3,173,85.65299999999999),(15,'BPlusCloudTree',3,2,2,1,4,151,85.65299999999999),(15,'BPlusCloudTree',3,2,3,1,3,144,85.458),(15,'BPlusCloudTree',3,2,3,1,4,125,85.458),(15,'BPlusCloudTree',3,2,4,1,3,107,78.41499999999999),(15,'BPlusCloudTree',3,2,4,1,4,89,78.41499999999999),(15,'BPlusCloudTree',3,2,5,1,3,93,77.51),(15,'BPlusCloudTree',3,2,5,1,4,76,77.51),(15,'BPlusCloudTree',3,2,6,1,3,186,82.403),(15,'BPlusCloudTree',3,2,6,1,4,164,82.403),(15,'BPlusCloudTree',3,2,7,1,3,120,71.945),(15,'BPlusCloudTree',3,2,7,1,4,103,71.945),(15,'BPlusCloudTree',3,2,8,1,3,193,85.965),(15,'BPlusCloudTree',3,2,8,1,4,171,85.965),(15,'BPlusCloudTree',3,2,9,1,3,114,83.70799999999998),(15,'BPlusCloudTree',3,2,9,1,4,96,83.70799999999998),(15,'BPlusCloudTree',3,3,1,1,3,202,32.792500000000004),(15,'BPlusCloudTree',3,3,1,1,4,245,32.792500000000004),(15,'BPlusCloudTree',3,3,2,1,3,145,33.0785),(15,'BPlusCloudTree',3,3,2,1,4,166,33.0785),(15,'BPlusCloudTree',3,3,3,1,3,119,32.32433333333333),(15,'BPlusCloudTree',3,3,3,1,4,118,32.32433333333333),(15,'BPlusCloudTree',3,3,4,1,3,86,30.436666666666667),(15,'BPlusCloudTree',3,3,4,1,4,86,30.436666666666667),(15,'BPlusCloudTree',3,3,5,1,3,73,29.33),(15,'BPlusCloudTree',3,3,5,1,4,69,29.33),(15,'BPlusCloudTree',3,3,6,1,3,158,30.690166666666666),(15,'BPlusCloudTree',3,3,6,1,4,185,30.690166666666666),(15,'BPlusCloudTree',3,3,7,1,3,100,31.41),(15,'BPlusCloudTree',3,3,7,1,4,99,31.41),(15,'BPlusCloudTree',3,3,8,1,3,164,34.659166666666664),(15,'BPlusCloudTree',3,3,8,1,4,195,34.659166666666664),(15,'BPlusCloudTree',3,3,9,1,3,93,30.235166666666665),(15,'BPlusCloudTree',3,3,9,1,4,92,30.235166666666665),(15,'BPlusCloudTree',4,1,1,1,2,100,85.5925),(15,'BPlusCloudTree',4,1,1,1,3,272,85.5925),(15,'BPlusCloudTree',4,1,1,1,4,276,85.5925),(15,'BPlusCloudTree',4,1,2,1,2,54,85.6585),(15,'BPlusCloudTree',4,1,2,1,3,231,85.6585),(15,'BPlusCloudTree',4,1,2,1,4,231,85.6585),(15,'BPlusCloudTree',4,1,3,1,2,28,85.491),(15,'BPlusCloudTree',4,1,3,1,3,203,85.491),(15,'BPlusCloudTree',4,1,3,1,4,204,85.491),(15,'BPlusCloudTree',4,1,4,1,2,15,83.91499999999999),(15,'BPlusCloudTree',4,1,4,1,3,190,83.91499999999999),(15,'BPlusCloudTree',4,1,4,1,4,188,83.91499999999999),(15,'BPlusCloudTree',4,1,5,1,2,8,83.56),(15,'BPlusCloudTree',4,1,5,1,3,183,83.56),(15,'BPlusCloudTree',4,1,5,1,4,181,83.56),(15,'BPlusCloudTree',4,1,6,1,2,35,84.6635),(15,'BPlusCloudTree',4,1,6,1,3,217,84.6635),(15,'BPlusCloudTree',4,1,6,1,4,218,84.6635),(15,'BPlusCloudTree',4,1,7,1,2,22,82.945),(15,'BPlusCloudTree',4,1,7,1,3,197,82.945),(15,'BPlusCloudTree',4,1,7,1,4,196,82.945),(15,'BPlusCloudTree',4,1,8,1,2,63,85.9925),(15,'BPlusCloudTree',4,1,8,1,3,239,85.9925),(15,'BPlusCloudTree',4,1,8,1,4,238,85.9925),(15,'BPlusCloudTree',4,1,9,1,2,1,84.8135),(15,'BPlusCloudTree',4,1,9,1,3,176,84.8135),(15,'BPlusCloudTree',4,1,9,1,4,175,84.8135),(15,'BPlusCloudTree',4,2,1,1,2,89,85.565),(15,'BPlusCloudTree',4,2,1,1,3,297,85.565),(15,'BPlusCloudTree',4,2,1,1,4,270,85.565),(15,'BPlusCloudTree',4,2,2,1,2,48,85.65299999999999),(15,'BPlusCloudTree',4,2,2,1,3,257,85.65299999999999),(15,'BPlusCloudTree',4,2,2,1,4,230,85.65299999999999),(15,'BPlusCloudTree',4,2,3,1,2,28,85.458),(15,'BPlusCloudTree',4,2,3,1,3,232,85.458),(15,'BPlusCloudTree',4,2,3,1,4,204,85.458),(15,'BPlusCloudTree',4,2,4,1,2,14,78.41499999999999),(15,'BPlusCloudTree',4,2,4,1,3,216,78.41499999999999),(15,'BPlusCloudTree',4,2,4,1,4,191,78.41499999999999),(15,'BPlusCloudTree',4,2,5,1,2,8,77.51),(15,'BPlusCloudTree',4,2,5,1,3,209,77.51),(15,'BPlusCloudTree',4,2,5,1,4,184,77.51),(15,'BPlusCloudTree',4,2,6,1,2,35,82.403),(15,'BPlusCloudTree',4,2,6,1,3,244,82.403),(15,'BPlusCloudTree',4,2,6,1,4,217,82.403),(15,'BPlusCloudTree',4,2,7,1,2,21,71.945),(15,'BPlusCloudTree',4,2,7,1,3,224,71.945),(15,'BPlusCloudTree',4,2,7,1,4,197,71.945),(15,'BPlusCloudTree',4,2,8,1,2,55,85.965),(15,'BPlusCloudTree',4,2,8,1,3,264,85.965),(15,'BPlusCloudTree',4,2,8,1,4,237,85.965),(15,'BPlusCloudTree',4,2,9,1,2,1,83.70799999999998),(15,'BPlusCloudTree',4,2,9,1,3,201,83.70799999999998),(15,'BPlusCloudTree',4,2,9,1,4,178,83.70799999999998),(15,'BPlusCloudTree',4,3,1,1,2,87,32.792500000000004),(15,'BPlusCloudTree',4,3,1,1,3,257,32.792500000000004),(15,'BPlusCloudTree',4,3,1,1,4,323,32.792500000000004),(15,'BPlusCloudTree',4,3,2,1,2,49,33.0785),(15,'BPlusCloudTree',4,3,2,1,3,220,33.0785),(15,'BPlusCloudTree',4,3,2,1,4,270,33.0785),(15,'BPlusCloudTree',4,3,3,1,2,27,32.32433333333333),(15,'BPlusCloudTree',4,3,3,1,3,196,32.32433333333333),(15,'BPlusCloudTree',4,3,3,1,4,236,32.32433333333333),(15,'BPlusCloudTree',4,3,4,1,2,14,30.436666666666667),(15,'BPlusCloudTree',4,3,4,1,3,183,30.436666666666667),(15,'BPlusCloudTree',4,3,4,1,4,219,30.436666666666667),(15,'BPlusCloudTree',4,3,5,1,2,8,29.33),(15,'BPlusCloudTree',4,3,5,1,3,177,29.33),(15,'BPlusCloudTree',4,3,5,1,4,212,29.33),(15,'BPlusCloudTree',4,3,6,1,2,33,30.690166666666666),(15,'BPlusCloudTree',4,3,6,1,3,208,30.690166666666666),(15,'BPlusCloudTree',4,3,6,1,4,254,30.690166666666666),(15,'BPlusCloudTree',4,3,7,1,2,20,31.41),(15,'BPlusCloudTree',4,3,7,1,3,189,31.41),(15,'BPlusCloudTree',4,3,7,1,4,227,31.41),(15,'BPlusCloudTree',4,3,8,1,2,56,34.659166666666664),(15,'BPlusCloudTree',4,3,8,1,3,226,34.659166666666664),(15,'BPlusCloudTree',4,3,8,1,4,279,34.659166666666664),(15,'BPlusCloudTree',4,3,9,1,2,1,30.235166666666665),(15,'BPlusCloudTree',4,3,9,1,3,171,30.235166666666665),(15,'BPlusCloudTree',4,3,9,1,4,203,30.235166666666665),(15,'BPlusCloudTree',5,1,1,1,2,165,85.5925),(15,'BPlusCloudTree',5,1,1,1,3,338,85.5925),(15,'BPlusCloudTree',5,1,1,1,4,353,85.5925),(15,'BPlusCloudTree',5,1,2,1,2,112,85.6585),(15,'BPlusCloudTree',5,1,2,1,3,285,85.6585),(15,'BPlusCloudTree',5,1,2,1,4,292,85.6585),(15,'BPlusCloudTree',5,1,3,1,2,93,85.491),(15,'BPlusCloudTree',5,1,3,1,3,265,85.491),(15,'BPlusCloudTree',5,1,3,1,4,268,85.491),(15,'BPlusCloudTree',5,1,4,1,2,78,83.91499999999999),(15,'BPlusCloudTree',5,1,4,1,3,253,83.91499999999999),(15,'BPlusCloudTree',5,1,4,1,4,252,83.91499999999999),(15,'BPlusCloudTree',5,1,5,1,2,71,83.56),(15,'BPlusCloudTree',5,1,5,1,3,245,83.56),(15,'BPlusCloudTree',5,1,5,1,4,245,83.56),(15,'BPlusCloudTree',5,1,6,1,2,106,84.6635),(15,'BPlusCloudTree',5,1,6,1,3,279,84.6635),(15,'BPlusCloudTree',5,1,6,1,4,284,84.6635),(15,'BPlusCloudTree',5,1,7,1,2,87,82.945),(15,'BPlusCloudTree',5,1,7,1,3,259,82.945),(15,'BPlusCloudTree',5,1,7,1,4,260,82.945),(15,'BPlusCloudTree',5,1,8,1,2,125,85.9925),(15,'BPlusCloudTree',5,1,8,1,3,298,85.9925),(15,'BPlusCloudTree',5,1,8,1,4,307,85.9925),(15,'BPlusCloudTree',5,1,9,1,2,43,84.8135),(15,'BPlusCloudTree',5,1,9,1,3,224,84.8135),(15,'BPlusCloudTree',5,1,9,1,4,224,84.8135),(15,'BPlusCloudTree',5,2,1,1,2,158,85.565),(15,'BPlusCloudTree',5,2,1,1,3,364,85.565),(15,'BPlusCloudTree',5,2,1,1,4,336,85.565),(15,'BPlusCloudTree',5,2,2,1,2,103,85.65299999999999),(15,'BPlusCloudTree',5,2,2,1,3,310,85.65299999999999),(15,'BPlusCloudTree',5,2,2,1,4,283,85.65299999999999),(15,'BPlusCloudTree',5,2,3,1,2,82,85.458),(15,'BPlusCloudTree',5,2,3,1,3,290,85.458),(15,'BPlusCloudTree',5,2,3,1,4,263,85.458),(15,'BPlusCloudTree',5,2,4,1,2,68,78.41499999999999),(15,'BPlusCloudTree',5,2,4,1,3,277,78.41499999999999),(15,'BPlusCloudTree',5,2,4,1,4,250,78.41499999999999),(15,'BPlusCloudTree',5,2,5,1,2,61,77.51),(15,'BPlusCloudTree',5,2,5,1,3,270,77.51),(15,'BPlusCloudTree',5,2,5,1,4,243,77.51),(15,'BPlusCloudTree',5,2,6,1,2,95,82.403),(15,'BPlusCloudTree',5,2,6,1,3,304,82.403),(15,'BPlusCloudTree',5,2,6,1,4,277,82.403),(15,'BPlusCloudTree',5,2,7,1,2,75,71.945),(15,'BPlusCloudTree',5,2,7,1,3,284,71.945),(15,'BPlusCloudTree',5,2,7,1,4,257,71.945),(15,'BPlusCloudTree',5,2,8,1,2,116,85.965),(15,'BPlusCloudTree',5,2,8,1,3,323,85.965),(15,'BPlusCloudTree',5,2,8,1,4,296,85.965),(15,'BPlusCloudTree',5,2,9,1,2,41,83.70799999999998),(15,'BPlusCloudTree',5,2,9,1,3,251,83.70799999999998),(15,'BPlusCloudTree',5,2,9,1,4,223,83.70799999999998),(15,'BPlusCloudTree',5,3,1,1,2,153,32.792500000000004),(15,'BPlusCloudTree',5,3,1,1,3,318,32.792500000000004),(15,'BPlusCloudTree',5,3,1,1,4,401,32.792500000000004),(15,'BPlusCloudTree',5,3,2,1,2,100,33.0785),(15,'BPlusCloudTree',5,3,2,1,3,269,33.0785),(15,'BPlusCloudTree',5,3,2,1,4,338,33.0785),(15,'BPlusCloudTree',5,3,3,1,2,81,32.32433333333333),(15,'BPlusCloudTree',5,3,3,1,3,251,32.32433333333333),(15,'BPlusCloudTree',5,3,3,1,4,313,32.32433333333333),(15,'BPlusCloudTree',5,3,4,1,2,69,30.436666666666667),(15,'BPlusCloudTree',5,3,4,1,3,238,30.436666666666667),(15,'BPlusCloudTree',5,3,4,1,4,296,30.436666666666667),(15,'BPlusCloudTree',5,3,5,1,2,62,29.33),(15,'BPlusCloudTree',5,3,5,1,3,232,29.33),(15,'BPlusCloudTree',5,3,5,1,4,287,29.33),(15,'BPlusCloudTree',5,3,6,1,2,93,30.690166666666666),(15,'BPlusCloudTree',5,3,6,1,3,263,30.690166666666666),(15,'BPlusCloudTree',5,3,6,1,4,330,30.690166666666666),(15,'BPlusCloudTree',5,3,7,1,2,75,31.41),(15,'BPlusCloudTree',5,3,7,1,3,244,31.41),(15,'BPlusCloudTree',5,3,7,1,4,305,31.41),(15,'BPlusCloudTree',5,3,8,1,2,113,34.659166666666664),(15,'BPlusCloudTree',5,3,8,1,3,281,34.659166666666664),(15,'BPlusCloudTree',5,3,8,1,4,354,34.659166666666664),(15,'BPlusCloudTree',5,3,9,1,2,39,30.235166666666665),(15,'BPlusCloudTree',5,3,9,1,3,214,30.235166666666665),(15,'BPlusCloudTree',5,3,9,1,4,262,30.235166666666665),(15,'BPlusCloudTree',6,1,1,1,2,223,85.5925),(15,'BPlusCloudTree',6,1,1,1,3,398,85.5925),(15,'BPlusCloudTree',6,1,1,1,4,411,85.5925),(15,'BPlusCloudTree',6,1,2,1,2,171,85.6585),(15,'BPlusCloudTree',6,1,2,1,3,344,85.6585),(15,'BPlusCloudTree',6,1,2,1,4,359,85.6585),(15,'BPlusCloudTree',6,1,3,1,2,151,85.491),(15,'BPlusCloudTree',6,1,3,1,3,324,85.491),(15,'BPlusCloudTree',6,1,3,1,4,338,85.491),(15,'BPlusCloudTree',6,1,4,1,2,138,83.91499999999999),(15,'BPlusCloudTree',6,1,4,1,3,312,83.91499999999999),(15,'BPlusCloudTree',6,1,4,1,4,322,83.91499999999999),(15,'BPlusCloudTree',6,1,5,1,2,132,83.56),(15,'BPlusCloudTree',6,1,5,1,3,305,83.56),(15,'BPlusCloudTree',6,1,5,1,4,315,83.56),(15,'BPlusCloudTree',6,1,6,1,2,158,84.6635),(15,'BPlusCloudTree',6,1,6,1,3,331,84.6635),(15,'BPlusCloudTree',6,1,6,1,4,345,84.6635),(15,'BPlusCloudTree',6,1,7,1,2,145,82.945),(15,'BPlusCloudTree',6,1,7,1,3,318,82.945),(15,'BPlusCloudTree',6,1,7,1,4,330,82.945),(15,'BPlusCloudTree',6,1,8,1,2,204,85.9925),(15,'BPlusCloudTree',6,1,8,1,3,377,85.9925),(15,'BPlusCloudTree',6,1,8,1,4,391,85.9925),(15,'BPlusCloudTree',6,1,9,1,2,119,84.8135),(15,'BPlusCloudTree',6,1,9,1,3,291,84.8135),(15,'BPlusCloudTree',6,1,9,1,4,300,84.8135),(15,'BPlusCloudTree',6,2,1,1,2,226,85.565),(15,'BPlusCloudTree',6,2,1,1,3,424,85.565),(15,'BPlusCloudTree',6,2,1,1,4,395,85.565),(15,'BPlusCloudTree',6,2,2,1,2,165,85.65299999999999),(15,'BPlusCloudTree',6,2,2,1,3,371,85.65299999999999),(15,'BPlusCloudTree',6,2,2,1,4,342,85.65299999999999),(15,'BPlusCloudTree',6,2,3,1,2,143,85.458),(15,'BPlusCloudTree',6,2,3,1,3,349,85.458),(15,'BPlusCloudTree',6,2,3,1,4,322,85.458),(15,'BPlusCloudTree',6,2,4,1,2,129,78.41499999999999),(15,'BPlusCloudTree',6,2,4,1,3,336,78.41499999999999),(15,'BPlusCloudTree',6,2,4,1,4,309,78.41499999999999),(15,'BPlusCloudTree',6,2,5,1,2,123,77.51),(15,'BPlusCloudTree',6,2,5,1,3,329,77.51),(15,'BPlusCloudTree',6,2,5,1,4,302,77.51),(15,'BPlusCloudTree',6,2,6,1,2,150,82.403),(15,'BPlusCloudTree',6,2,6,1,3,357,82.403),(15,'BPlusCloudTree',6,2,6,1,4,329,82.403),(15,'BPlusCloudTree',6,2,7,1,2,136,71.945),(15,'BPlusCloudTree',6,2,7,1,3,342,71.945),(15,'BPlusCloudTree',6,2,7,1,4,316,71.945),(15,'BPlusCloudTree',6,2,8,1,2,200,85.965),(15,'BPlusCloudTree',6,2,8,1,3,404,85.965),(15,'BPlusCloudTree',6,2,8,1,4,374,85.965),(15,'BPlusCloudTree',6,2,9,1,2,109,83.70799999999998),(15,'BPlusCloudTree',6,2,9,1,3,317,83.70799999999998),(15,'BPlusCloudTree',6,2,9,1,4,289,83.70799999999998),(15,'BPlusCloudTree',6,3,1,1,2,213,32.792500000000004),(15,'BPlusCloudTree',6,3,1,1,3,385,32.792500000000004),(15,'BPlusCloudTree',6,3,1,1,4,469,32.792500000000004),(15,'BPlusCloudTree',6,3,2,1,2,160,33.0785),(15,'BPlusCloudTree',6,3,2,1,3,324,33.0785),(15,'BPlusCloudTree',6,3,2,1,4,408,33.0785),(15,'BPlusCloudTree',6,3,3,1,2,139,32.32433333333333),(15,'BPlusCloudTree',6,3,3,1,3,306,32.32433333333333),(15,'BPlusCloudTree',6,3,3,1,4,384,32.32433333333333),(15,'BPlusCloudTree',6,3,4,1,2,126,30.436666666666667),(15,'BPlusCloudTree',6,3,4,1,3,294,30.436666666666667),(15,'BPlusCloudTree',6,3,4,1,4,370,30.436666666666667),(15,'BPlusCloudTree',6,3,5,1,2,120,29.33),(15,'BPlusCloudTree',6,3,5,1,3,287,29.33),(15,'BPlusCloudTree',6,3,5,1,4,361,29.33),(15,'BPlusCloudTree',6,3,6,1,2,146,30.690166666666666),(15,'BPlusCloudTree',6,3,6,1,3,312,30.690166666666666),(15,'BPlusCloudTree',6,3,6,1,4,392,30.690166666666666),(15,'BPlusCloudTree',6,3,7,1,2,133,31.41),(15,'BPlusCloudTree',6,3,7,1,3,300,31.41),(15,'BPlusCloudTree',6,3,7,1,4,377,31.41),(15,'BPlusCloudTree',6,3,8,1,2,192,34.659166666666664),(15,'BPlusCloudTree',6,3,8,1,3,362,34.659166666666664),(15,'BPlusCloudTree',6,3,8,1,4,445,34.659166666666664),(15,'BPlusCloudTree',6,3,9,1,2,107,30.235166666666665),(15,'BPlusCloudTree',6,3,9,1,3,275,30.235166666666665),(15,'BPlusCloudTree',6,3,9,1,4,346,30.235166666666665),(15,'BPlusCloudTree',7,1,1,1,2,283,85.5925),(15,'BPlusCloudTree',7,1,1,1,3,457,85.5925),(15,'BPlusCloudTree',7,1,1,1,4,582,85.5925),(15,'BPlusCloudTree',7,1,2,1,2,244,85.6585),(15,'BPlusCloudTree',7,1,2,1,3,418,85.6585),(15,'BPlusCloudTree',7,1,2,1,4,431,85.6585),(15,'BPlusCloudTree',7,1,3,1,2,216,85.491),(15,'BPlusCloudTree',7,1,3,1,3,391,85.491),(15,'BPlusCloudTree',7,1,3,1,4,404,85.491),(15,'BPlusCloudTree',7,1,4,1,2,198,83.91499999999999),(15,'BPlusCloudTree',7,1,4,1,3,371,83.91499999999999),(15,'BPlusCloudTree',7,1,4,1,4,385,83.91499999999999),(15,'BPlusCloudTree',7,1,5,1,2,184,83.56),(15,'BPlusCloudTree',7,1,5,1,3,357,83.56),(15,'BPlusCloudTree',7,1,5,1,4,372,83.56),(15,'BPlusCloudTree',7,1,6,1,2,210,84.6635),(15,'BPlusCloudTree',7,1,6,1,3,384,84.6635),(15,'BPlusCloudTree',7,1,6,1,4,397,84.6635),(15,'BPlusCloudTree',7,1,7,1,2,191,82.945),(15,'BPlusCloudTree',7,1,7,1,3,364,82.945),(15,'BPlusCloudTree',7,1,7,1,4,378,82.945),(15,'BPlusCloudTree',7,1,8,1,2,270,85.9925),(15,'BPlusCloudTree',7,1,8,1,3,443,85.9925),(15,'BPlusCloudTree',7,1,8,1,4,568,85.9925),(15,'BPlusCloudTree',7,1,9,1,2,178,84.8135),(15,'BPlusCloudTree',7,1,9,1,3,350,84.8135),(15,'BPlusCloudTree',7,1,9,1,4,366,84.8135),(15,'BPlusCloudTree',7,2,1,1,2,300,85.565),(15,'BPlusCloudTree',7,2,1,1,3,483,85.565),(15,'BPlusCloudTree',7,2,1,1,4,455,85.565),(15,'BPlusCloudTree',7,2,2,1,2,252,85.65299999999999),(15,'BPlusCloudTree',7,2,2,1,3,444,85.65299999999999),(15,'BPlusCloudTree',7,2,2,1,4,415,85.65299999999999),(15,'BPlusCloudTree',7,2,3,1,2,217,85.458),(15,'BPlusCloudTree',7,2,3,1,3,417,85.458),(15,'BPlusCloudTree',7,2,3,1,4,388,85.458),(15,'BPlusCloudTree',7,2,4,1,2,192,78.41499999999999),(15,'BPlusCloudTree',7,2,4,1,3,398,78.41499999999999),(15,'BPlusCloudTree',7,2,4,1,4,368,78.41499999999999),(15,'BPlusCloudTree',7,2,5,1,2,179,77.51),(15,'BPlusCloudTree',7,2,5,1,3,385,77.51),(15,'BPlusCloudTree',7,2,5,1,4,355,77.51),(15,'BPlusCloudTree',7,2,6,1,2,208,82.403),(15,'BPlusCloudTree',7,2,6,1,3,411,82.403),(15,'BPlusCloudTree',7,2,6,1,4,381,82.403),(15,'BPlusCloudTree',7,2,7,1,2,186,71.945),(15,'BPlusCloudTree',7,2,7,1,3,391,71.945),(15,'BPlusCloudTree',7,2,7,1,4,361,71.945),(15,'BPlusCloudTree',7,2,8,1,2,285,85.965),(15,'BPlusCloudTree',7,2,8,1,3,470,85.965),(15,'BPlusCloudTree',7,2,8,1,4,442,85.965),(15,'BPlusCloudTree',7,2,9,1,2,172,83.70799999999998),(15,'BPlusCloudTree',7,2,9,1,3,377,83.70799999999998),(15,'BPlusCloudTree',7,2,9,1,4,349,83.70799999999998),(15,'BPlusCloudTree',7,3,1,1,2,274,32.792500000000004),(15,'BPlusCloudTree',7,3,1,1,3,564,32.792500000000004),(15,'BPlusCloudTree',7,3,1,1,4,537,32.792500000000004),(15,'BPlusCloudTree',7,3,2,1,2,234,33.0785),(15,'BPlusCloudTree',7,3,2,1,3,404,33.0785),(15,'BPlusCloudTree',7,3,2,1,4,492,33.0785),(15,'BPlusCloudTree',7,3,3,1,2,207,32.32433333333333),(15,'BPlusCloudTree',7,3,3,1,3,378,32.32433333333333),(15,'BPlusCloudTree',7,3,3,1,4,462,32.32433333333333),(15,'BPlusCloudTree',7,3,4,1,2,185,30.436666666666667),(15,'BPlusCloudTree',7,3,4,1,3,354,30.436666666666667),(15,'BPlusCloudTree',7,3,4,1,4,438,30.436666666666667),(15,'BPlusCloudTree',7,3,5,1,2,172,29.33),(15,'BPlusCloudTree',7,3,5,1,3,339,29.33),(15,'BPlusCloudTree',7,3,5,1,4,423,29.33),(15,'BPlusCloudTree',7,3,6,1,2,199,30.690166666666666),(15,'BPlusCloudTree',7,3,6,1,3,369,30.690166666666666),(15,'BPlusCloudTree',7,3,6,1,4,453,30.690166666666666),(15,'BPlusCloudTree',7,3,7,1,2,179,31.41),(15,'BPlusCloudTree',7,3,7,1,3,347,31.41),(15,'BPlusCloudTree',7,3,7,1,4,431,31.41),(15,'BPlusCloudTree',7,3,8,1,2,261,34.659166666666664),(15,'BPlusCloudTree',7,3,8,1,3,550,34.659166666666664),(15,'BPlusCloudTree',7,3,8,1,4,523,34.659166666666664),(15,'BPlusCloudTree',7,3,9,1,2,166,30.235166666666665),(15,'BPlusCloudTree',7,3,9,1,3,331,30.235166666666665),(15,'BPlusCloudTree',7,3,9,1,4,415,30.235166666666665),(15,'BPlusCloudTree',8,1,1,1,2,303,85.5925),(15,'BPlusCloudTree',8,1,1,1,3,486,85.5925),(15,'BPlusCloudTree',8,1,1,1,4,602,85.5925),(15,'BPlusCloudTree',8,1,2,1,2,290,85.6585),(15,'BPlusCloudTree',8,1,2,1,3,464,85.6585),(15,'BPlusCloudTree',8,1,2,1,4,588,85.6585),(15,'BPlusCloudTree',8,1,3,1,2,277,85.491),(15,'BPlusCloudTree',8,1,3,1,3,450,85.491),(15,'BPlusCloudTree',8,1,3,1,4,575,85.491),(15,'BPlusCloudTree',8,1,4,1,2,263,83.91499999999999),(15,'BPlusCloudTree',8,1,4,1,3,437,83.91499999999999),(15,'BPlusCloudTree',8,1,4,1,4,561,83.91499999999999),(15,'BPlusCloudTree',8,1,5,1,2,257,83.56),(15,'BPlusCloudTree',8,1,5,1,3,431,83.56),(15,'BPlusCloudTree',8,1,5,1,4,554,83.56),(15,'BPlusCloudTree',8,1,6,1,2,250,84.6635),(15,'BPlusCloudTree',8,1,6,1,3,424,84.6635),(15,'BPlusCloudTree',8,1,6,1,4,545,84.6635),(15,'BPlusCloudTree',8,1,7,1,2,236,82.945),(15,'BPlusCloudTree',8,1,7,1,3,411,82.945),(15,'BPlusCloudTree',8,1,7,1,4,424,82.945),(15,'BPlusCloudTree',8,1,8,1,2,296,85.9925),(15,'BPlusCloudTree',8,1,8,1,3,479,85.9925),(15,'BPlusCloudTree',8,1,8,1,4,595,85.9925),(15,'BPlusCloudTree',8,1,9,1,2,230,84.8135),(15,'BPlusCloudTree',8,1,9,1,3,404,84.8135),(15,'BPlusCloudTree',8,1,9,1,4,418,84.8135),(15,'BPlusCloudTree',8,2,1,1,2,325,85.565),(15,'BPlusCloudTree',8,2,1,1,3,503,85.565),(15,'BPlusCloudTree',8,2,1,1,4,475,85.565),(15,'BPlusCloudTree',8,2,2,1,2,308,85.65299999999999),(15,'BPlusCloudTree',8,2,2,1,3,490,85.65299999999999),(15,'BPlusCloudTree',8,2,2,1,4,462,85.65299999999999),(15,'BPlusCloudTree',8,2,3,1,2,292,85.458),(15,'BPlusCloudTree',8,2,3,1,3,477,85.458),(15,'BPlusCloudTree',8,2,3,1,4,449,85.458),(15,'BPlusCloudTree',8,2,4,1,2,276,78.41499999999999),(15,'BPlusCloudTree',8,2,4,1,3,464,78.41499999999999),(15,'BPlusCloudTree',8,2,4,1,4,435,78.41499999999999),(15,'BPlusCloudTree',8,2,5,1,2,268,77.51),(15,'BPlusCloudTree',8,2,5,1,3,458,77.51),(15,'BPlusCloudTree',8,2,5,1,4,428,77.51),(15,'BPlusCloudTree',8,2,6,1,2,261,82.403),(15,'BPlusCloudTree',8,2,6,1,3,451,82.403),(15,'BPlusCloudTree',8,2,6,1,4,421,82.403),(15,'BPlusCloudTree',8,2,7,1,2,243,71.945),(15,'BPlusCloudTree',8,2,7,1,3,437,71.945),(15,'BPlusCloudTree',8,2,7,1,4,408,71.945),(15,'BPlusCloudTree',8,2,8,1,2,316,85.965),(15,'BPlusCloudTree',8,2,8,1,3,496,85.965),(15,'BPlusCloudTree',8,2,8,1,4,468,85.965),(15,'BPlusCloudTree',8,2,9,1,2,234,83.70799999999998),(15,'BPlusCloudTree',8,2,9,1,3,430,83.70799999999998),(15,'BPlusCloudTree',8,2,9,1,4,402,83.70799999999998),(15,'BPlusCloudTree',8,3,1,1,2,294,32.792500000000004),(15,'BPlusCloudTree',8,3,1,1,3,583,32.792500000000004),(15,'BPlusCloudTree',8,3,1,1,4,593,32.792500000000004),(15,'BPlusCloudTree',8,3,2,1,2,281,33.0785),(15,'BPlusCloudTree',8,3,2,1,3,571,33.0785),(15,'BPlusCloudTree',8,3,2,1,4,578,33.0785),(15,'BPlusCloudTree',8,3,3,1,2,267,32.32433333333333),(15,'BPlusCloudTree',8,3,3,1,3,557,32.32433333333333),(15,'BPlusCloudTree',8,3,3,1,4,530,32.32433333333333),(15,'BPlusCloudTree',8,3,4,1,2,254,30.436666666666667),(15,'BPlusCloudTree',8,3,4,1,3,543,30.436666666666667),(15,'BPlusCloudTree',8,3,4,1,4,515,30.436666666666667),(15,'BPlusCloudTree',8,3,5,1,2,247,29.33),(15,'BPlusCloudTree',8,3,5,1,3,536,29.33),(15,'BPlusCloudTree',8,3,5,1,4,507,29.33),(15,'BPlusCloudTree',8,3,6,1,2,241,30.690166666666666),(15,'BPlusCloudTree',8,3,6,1,3,528,30.690166666666666),(15,'BPlusCloudTree',8,3,6,1,4,500,30.690166666666666),(15,'BPlusCloudTree',8,3,7,1,2,227,31.41),(15,'BPlusCloudTree',8,3,7,1,3,397,31.41),(15,'BPlusCloudTree',8,3,7,1,4,484,31.41),(15,'BPlusCloudTree',8,3,8,1,2,287,34.659166666666664),(15,'BPlusCloudTree',8,3,8,1,3,577,34.659166666666664),(15,'BPlusCloudTree',8,3,8,1,4,586,34.659166666666664),(15,'BPlusCloudTree',8,3,9,1,2,220,30.235166666666665),(15,'BPlusCloudTree',8,3,9,1,3,391,30.235166666666665),(15,'BPlusCloudTree',8,3,9,1,4,477,30.235166666666665),(15,'GreedyAppraoch',1,1,1,1,3,0,85.5925),(15,'GreedyAppraoch',1,1,1,1,4,0,85.5925),(15,'GreedyAppraoch',1,1,2,1,3,104,85.6585),(15,'GreedyAppraoch',1,1,2,1,4,106,85.6585),(15,'GreedyAppraoch',1,1,3,1,3,219,85.491),(15,'GreedyAppraoch',1,1,3,1,4,229,85.491),(15,'GreedyAppraoch',1,1,4,1,3,343,83.91499999999999),(15,'GreedyAppraoch',1,1,4,1,4,358,83.91499999999999),(15,'GreedyAppraoch',1,1,5,1,3,435,83.56),(15,'GreedyAppraoch',1,1,5,1,4,476,83.56),(15,'GreedyAppraoch',1,1,6,1,3,534,84.6635),(15,'GreedyAppraoch',1,1,6,1,4,568,84.6635),(15,'GreedyAppraoch',1,1,7,1,3,677,82.945),(15,'GreedyAppraoch',1,1,7,1,4,867,82.945),(15,'GreedyAppraoch',1,1,8,1,3,844,85.9925),(15,'GreedyAppraoch',1,1,8,1,4,954,85.9925),(15,'GreedyAppraoch',1,1,9,1,3,942,84.8135),(15,'GreedyAppraoch',1,1,9,1,4,1054,84.8135),(15,'GreedyAppraoch',1,2,1,1,3,0,85.565),(15,'GreedyAppraoch',1,2,1,1,4,0,85.565),(15,'GreedyAppraoch',1,2,2,1,3,94,85.65299999999999),(15,'GreedyAppraoch',1,2,2,1,4,237,85.65299999999999),(15,'GreedyAppraoch',1,2,3,1,3,160,85.458),(15,'GreedyAppraoch',1,2,3,1,4,812,85.458),(15,'GreedyAppraoch',1,2,4,1,3,377,78.41499999999999),(15,'GreedyAppraoch',1,2,4,1,4,877,78.41499999999999),(15,'GreedyAppraoch',1,2,5,1,3,450,77.51),(15,'GreedyAppraoch',1,2,5,1,4,964,77.51),(15,'GreedyAppraoch',1,2,6,1,3,570,82.403),(15,'GreedyAppraoch',1,2,6,1,4,1034,82.403),(15,'GreedyAppraoch',1,2,7,1,3,631,71.945),(15,'GreedyAppraoch',1,2,7,1,4,1097,71.945),(15,'GreedyAppraoch',1,2,8,1,3,701,85.965),(15,'GreedyAppraoch',1,2,8,1,4,1157,85.965),(15,'GreedyAppraoch',1,2,9,1,3,780,83.70799999999998),(15,'GreedyAppraoch',1,2,9,1,4,1213,83.70799999999998),(15,'GreedyAppraoch',1,3,1,1,3,0,32.792500000000004),(15,'GreedyAppraoch',1,3,1,1,4,0,32.792500000000004),(15,'GreedyAppraoch',1,3,2,1,3,56,33.0785),(15,'GreedyAppraoch',1,3,2,1,4,56,33.0785),(15,'GreedyAppraoch',1,3,3,1,3,168,32.32433333333333),(15,'GreedyAppraoch',1,3,3,1,4,115,32.32433333333333),(15,'GreedyAppraoch',1,3,4,1,3,229,30.436666666666667),(15,'GreedyAppraoch',1,3,4,1,4,193,30.436666666666667),(15,'GreedyAppraoch',1,3,5,1,3,290,29.33),(15,'GreedyAppraoch',1,3,5,1,4,351,29.33),(15,'GreedyAppraoch',1,3,6,1,3,355,30.690166666666666),(15,'GreedyAppraoch',1,3,6,1,4,417,30.690166666666666),(15,'GreedyAppraoch',1,3,7,1,3,414,31.41),(15,'GreedyAppraoch',1,3,7,1,4,485,31.41),(15,'GreedyAppraoch',1,3,8,1,3,487,34.659166666666664),(15,'GreedyAppraoch',1,3,8,1,4,554,34.659166666666664),(15,'GreedyAppraoch',1,3,9,1,3,547,30.235166666666665),(15,'GreedyAppraoch',1,3,9,1,4,634,30.235166666666665),(15,'GreedyAppraoch',2,1,1,1,3,10,85.5925),(15,'GreedyAppraoch',2,1,1,1,4,14,85.5925),(15,'GreedyAppraoch',2,1,2,1,3,116,85.6585),(15,'GreedyAppraoch',2,1,2,1,4,127,85.6585),(15,'GreedyAppraoch',2,1,3,1,3,236,85.491),(15,'GreedyAppraoch',2,1,3,1,4,240,85.491),(15,'GreedyAppraoch',2,1,4,1,3,353,83.91499999999999),(15,'GreedyAppraoch',2,1,4,1,4,368,83.91499999999999),(15,'GreedyAppraoch',2,1,5,1,3,444,83.56),(15,'GreedyAppraoch',2,1,5,1,4,491,83.56),(15,'GreedyAppraoch',2,1,6,1,3,596,84.6635),(15,'GreedyAppraoch',2,1,6,1,4,579,84.6635),(15,'GreedyAppraoch',2,1,7,1,3,699,82.945),(15,'GreedyAppraoch',2,1,7,1,4,883,82.945),(15,'GreedyAppraoch',2,1,8,1,3,861,85.9925),(15,'GreedyAppraoch',2,1,8,1,4,963,85.9925),(15,'GreedyAppraoch',2,1,9,1,3,954,84.8135),(15,'GreedyAppraoch',2,1,9,1,4,1069,84.8135),(15,'GreedyAppraoch',2,2,1,1,3,9,85.565),(15,'GreedyAppraoch',2,2,1,1,4,9,85.565),(15,'GreedyAppraoch',2,2,2,1,3,103,85.65299999999999),(15,'GreedyAppraoch',2,2,2,1,4,249,85.65299999999999),(15,'GreedyAppraoch',2,2,3,1,3,170,85.458),(15,'GreedyAppraoch',2,2,3,1,4,821,85.458),(15,'GreedyAppraoch',2,2,4,1,3,386,78.41499999999999),(15,'GreedyAppraoch',2,2,4,1,4,884,78.41499999999999),(15,'GreedyAppraoch',2,2,5,1,3,461,77.51),(15,'GreedyAppraoch',2,2,5,1,4,972,77.51),(15,'GreedyAppraoch',2,2,6,1,3,577,82.403),(15,'GreedyAppraoch',2,2,6,1,4,1043,82.403),(15,'GreedyAppraoch',2,2,7,1,3,639,71.945),(15,'GreedyAppraoch',2,2,7,1,4,1104,71.945),(15,'GreedyAppraoch',2,2,8,1,3,710,85.965),(15,'GreedyAppraoch',2,2,8,1,4,1164,85.965),(15,'GreedyAppraoch',2,2,9,1,3,790,83.70799999999998),(15,'GreedyAppraoch',2,2,9,1,4,1220,83.70799999999998),(15,'GreedyAppraoch',2,3,1,1,3,7,32.792500000000004),(15,'GreedyAppraoch',2,3,1,1,4,7,32.792500000000004),(15,'GreedyAppraoch',2,3,2,1,3,63,33.0785),(15,'GreedyAppraoch',2,3,2,1,4,66,33.0785),(15,'GreedyAppraoch',2,3,3,1,3,175,32.32433333333333),(15,'GreedyAppraoch',2,3,3,1,4,122,32.32433333333333),(15,'GreedyAppraoch',2,3,4,1,3,238,30.436666666666667),(15,'GreedyAppraoch',2,3,4,1,4,202,30.436666666666667),(15,'GreedyAppraoch',2,3,5,1,3,297,29.33),(15,'GreedyAppraoch',2,3,5,1,4,360,29.33),(15,'GreedyAppraoch',2,3,6,1,3,362,30.690166666666666),(15,'GreedyAppraoch',2,3,6,1,4,425,30.690166666666666),(15,'GreedyAppraoch',2,3,7,1,3,421,31.41),(15,'GreedyAppraoch',2,3,7,1,4,496,31.41),(15,'GreedyAppraoch',2,3,8,1,3,494,34.659166666666664),(15,'GreedyAppraoch',2,3,8,1,4,563,34.659166666666664),(15,'GreedyAppraoch',2,3,9,1,3,557,30.235166666666665),(15,'GreedyAppraoch',2,3,9,1,4,644,30.235166666666665),(15,'GreedyAppraoch',3,1,1,1,3,21,85.5925),(15,'GreedyAppraoch',3,1,1,1,4,27,85.5925),(15,'GreedyAppraoch',3,1,2,1,3,129,85.6585),(15,'GreedyAppraoch',3,1,2,1,4,146,85.6585),(15,'GreedyAppraoch',3,1,3,1,3,249,85.491),(15,'GreedyAppraoch',3,1,3,1,4,257,85.491),(15,'GreedyAppraoch',3,1,4,1,3,363,83.91499999999999),(15,'GreedyAppraoch',3,1,4,1,4,377,83.91499999999999),(15,'GreedyAppraoch',3,1,5,1,3,454,83.56),(15,'GreedyAppraoch',3,1,5,1,4,500,83.56),(15,'GreedyAppraoch',3,1,6,1,3,612,84.6635),(15,'GreedyAppraoch',3,1,6,1,4,669,84.6635),(15,'GreedyAppraoch',3,1,7,1,3,732,82.945),(15,'GreedyAppraoch',3,1,7,1,4,895,82.945),(15,'GreedyAppraoch',3,1,8,1,3,874,85.9925),(15,'GreedyAppraoch',3,1,8,1,4,976,85.9925),(15,'GreedyAppraoch',3,1,9,1,3,966,84.8135),(15,'GreedyAppraoch',3,1,9,1,4,1085,84.8135),(15,'GreedyAppraoch',3,2,1,1,3,18,85.565),(15,'GreedyAppraoch',3,2,1,1,4,145,85.565),(15,'GreedyAppraoch',3,2,2,1,3,111,85.65299999999999),(15,'GreedyAppraoch',3,2,2,1,4,257,85.65299999999999),(15,'GreedyAppraoch',3,2,3,1,3,179,85.458),(15,'GreedyAppraoch',3,2,3,1,4,828,85.458),(15,'GreedyAppraoch',3,2,4,1,3,393,78.41499999999999),(15,'GreedyAppraoch',3,2,4,1,4,893,78.41499999999999),(15,'GreedyAppraoch',3,2,5,1,3,473,77.51),(15,'GreedyAppraoch',3,2,5,1,4,979,77.51),(15,'GreedyAppraoch',3,2,6,1,3,585,82.403),(15,'GreedyAppraoch',3,2,6,1,4,1053,82.403),(15,'GreedyAppraoch',3,2,7,1,3,646,71.945),(15,'GreedyAppraoch',3,2,7,1,4,1116,71.945),(15,'GreedyAppraoch',3,2,8,1,3,720,85.965),(15,'GreedyAppraoch',3,2,8,1,4,1171,85.965),(15,'GreedyAppraoch',3,2,9,1,3,799,83.70799999999998),(15,'GreedyAppraoch',3,2,9,1,4,1227,83.70799999999998),(15,'GreedyAppraoch',3,3,1,1,3,14,32.792500000000004),(15,'GreedyAppraoch',3,3,1,1,4,14,32.792500000000004),(15,'GreedyAppraoch',3,3,2,1,3,70,33.0785),(15,'GreedyAppraoch',3,3,2,1,4,73,33.0785),(15,'GreedyAppraoch',3,3,3,1,3,182,32.32433333333333),(15,'GreedyAppraoch',3,3,3,1,4,131,32.32433333333333),(15,'GreedyAppraoch',3,3,4,1,3,246,30.436666666666667),(15,'GreedyAppraoch',3,3,4,1,4,304,30.436666666666667),(15,'GreedyAppraoch',3,3,5,1,3,305,29.33),(15,'GreedyAppraoch',3,3,5,1,4,368,29.33),(15,'GreedyAppraoch',3,3,6,1,3,370,30.690166666666666),(15,'GreedyAppraoch',3,3,6,1,4,435,30.690166666666666),(15,'GreedyAppraoch',3,3,7,1,3,430,31.41),(15,'GreedyAppraoch',3,3,7,1,4,503,31.41),(15,'GreedyAppraoch',3,3,8,1,3,503,34.659166666666664),(15,'GreedyAppraoch',3,3,8,1,4,571,34.659166666666664),(15,'GreedyAppraoch',3,3,9,1,3,564,30.235166666666665),(15,'GreedyAppraoch',3,3,9,1,4,651,30.235166666666665),(15,'GreedyAppraoch',4,1,1,1,2,11,85.5925),(15,'GreedyAppraoch',4,1,1,1,3,37,85.5925),(15,'GreedyAppraoch',4,1,1,1,4,38,85.5925),(15,'GreedyAppraoch',4,1,2,1,2,157,85.6585),(15,'GreedyAppraoch',4,1,2,1,3,140,85.6585),(15,'GreedyAppraoch',4,1,2,1,4,166,85.6585),(15,'GreedyAppraoch',4,1,3,1,2,275,85.491),(15,'GreedyAppraoch',4,1,3,1,3,268,85.491),(15,'GreedyAppraoch',4,1,3,1,4,274,85.491),(15,'GreedyAppraoch',4,1,4,1,2,366,83.91499999999999),(15,'GreedyAppraoch',4,1,4,1,3,376,83.91499999999999),(15,'GreedyAppraoch',4,1,4,1,4,386,83.91499999999999),(15,'GreedyAppraoch',4,1,5,1,2,453,83.56),(15,'GreedyAppraoch',4,1,5,1,3,465,83.56),(15,'GreedyAppraoch',4,1,5,1,4,509,83.56),(15,'GreedyAppraoch',4,1,6,1,2,538,84.6635),(15,'GreedyAppraoch',4,1,6,1,3,623,84.6635),(15,'GreedyAppraoch',4,1,6,1,4,683,84.6635),(15,'GreedyAppraoch',4,1,7,1,2,633,82.945),(15,'GreedyAppraoch',4,1,7,1,3,779,82.945),(15,'GreedyAppraoch',4,1,7,1,4,905,82.945),(15,'GreedyAppraoch',4,1,8,1,2,699,85.9925),(15,'GreedyAppraoch',4,1,8,1,3,887,85.9925),(15,'GreedyAppraoch',4,1,8,1,4,995,85.9925),(15,'GreedyAppraoch',4,1,9,1,2,779,84.8135),(15,'GreedyAppraoch',4,1,9,1,3,982,84.8135),(15,'GreedyAppraoch',4,1,9,1,4,1102,84.8135),(15,'GreedyAppraoch',4,2,1,1,2,0,85.565),(15,'GreedyAppraoch',4,2,1,1,3,29,85.565),(15,'GreedyAppraoch',4,2,1,1,4,187,85.565),(15,'GreedyAppraoch',4,2,2,1,2,145,85.65299999999999),(15,'GreedyAppraoch',4,2,2,1,3,121,85.65299999999999),(15,'GreedyAppraoch',4,2,2,1,4,267,85.65299999999999),(15,'GreedyAppraoch',4,2,3,1,2,190,85.458),(15,'GreedyAppraoch',4,2,3,1,3,190,85.458),(15,'GreedyAppraoch',4,2,3,1,4,836,85.458),(15,'GreedyAppraoch',4,2,4,1,2,303,78.41499999999999),(15,'GreedyAppraoch',4,2,4,1,3,401,78.41499999999999),(15,'GreedyAppraoch',4,2,4,1,4,903,78.41499999999999),(15,'GreedyAppraoch',4,2,5,1,2,350,77.51),(15,'GreedyAppraoch',4,2,5,1,3,524,77.51),(15,'GreedyAppraoch',4,2,5,1,4,987,77.51),(15,'GreedyAppraoch',4,2,6,1,2,485,82.403),(15,'GreedyAppraoch',4,2,6,1,3,593,82.403),(15,'GreedyAppraoch',4,2,6,1,4,1061,82.403),(15,'GreedyAppraoch',4,2,7,1,2,544,71.945),(15,'GreedyAppraoch',4,2,7,1,3,656,71.945),(15,'GreedyAppraoch',4,2,7,1,4,1122,71.945),(15,'GreedyAppraoch',4,2,8,1,2,589,85.965),(15,'GreedyAppraoch',4,2,8,1,3,730,85.965),(15,'GreedyAppraoch',4,2,8,1,4,1178,85.965),(15,'GreedyAppraoch',4,2,9,1,2,631,83.70799999999998),(15,'GreedyAppraoch',4,2,9,1,3,810,83.70799999999998),(15,'GreedyAppraoch',4,2,9,1,4,1234,83.70799999999998),(15,'GreedyAppraoch',4,3,1,1,2,0,32.792500000000004),(15,'GreedyAppraoch',4,3,1,1,3,21,32.792500000000004),(15,'GreedyAppraoch',4,3,1,1,4,21,32.792500000000004),(15,'GreedyAppraoch',4,3,2,1,2,37,33.0785),(15,'GreedyAppraoch',4,3,2,1,3,131,33.0785),(15,'GreedyAppraoch',4,3,2,1,4,80,33.0785),(15,'GreedyAppraoch',4,3,3,1,2,87,32.32433333333333),(15,'GreedyAppraoch',4,3,3,1,3,189,32.32433333333333),(15,'GreedyAppraoch',4,3,3,1,4,141,32.32433333333333),(15,'GreedyAppraoch',4,3,4,1,2,171,30.436666666666667),(15,'GreedyAppraoch',4,3,4,1,3,253,30.436666666666667),(15,'GreedyAppraoch',4,3,4,1,4,311,30.436666666666667),(15,'GreedyAppraoch',4,3,5,1,2,209,29.33),(15,'GreedyAppraoch',4,3,5,1,3,312,29.33),(15,'GreedyAppraoch',4,3,5,1,4,376,29.33),(15,'GreedyAppraoch',4,3,6,1,2,246,30.690166666666666),(15,'GreedyAppraoch',4,3,6,1,3,377,30.690166666666666),(15,'GreedyAppraoch',4,3,6,1,4,443,30.690166666666666),(15,'GreedyAppraoch',4,3,7,1,2,291,31.41),(15,'GreedyAppraoch',4,3,7,1,3,439,31.41),(15,'GreedyAppraoch',4,3,7,1,4,512,31.41),(15,'GreedyAppraoch',4,3,8,1,2,344,34.659166666666664),(15,'GreedyAppraoch',4,3,8,1,3,511,34.659166666666664),(15,'GreedyAppraoch',4,3,8,1,4,578,34.659166666666664),(15,'GreedyAppraoch',4,3,9,1,2,400,30.235166666666665),(15,'GreedyAppraoch',4,3,9,1,3,572,30.235166666666665),(15,'GreedyAppraoch',4,3,9,1,4,660,30.235166666666665),(15,'GreedyAppraoch',5,1,1,1,2,72,85.5925),(15,'GreedyAppraoch',5,1,1,1,3,50,85.5925),(15,'GreedyAppraoch',5,1,1,1,4,51,85.5925),(15,'GreedyAppraoch',5,1,2,1,2,196,85.6585),(15,'GreedyAppraoch',5,1,2,1,3,157,85.6585),(15,'GreedyAppraoch',5,1,2,1,4,178,85.6585),(15,'GreedyAppraoch',5,1,3,1,2,294,85.491),(15,'GreedyAppraoch',5,1,3,1,3,281,85.491),(15,'GreedyAppraoch',5,1,3,1,4,310,85.491),(15,'GreedyAppraoch',5,1,4,1,2,390,83.91499999999999),(15,'GreedyAppraoch',5,1,4,1,3,387,83.91499999999999),(15,'GreedyAppraoch',5,1,4,1,4,435,83.91499999999999),(15,'GreedyAppraoch',5,1,5,1,2,471,83.56),(15,'GreedyAppraoch',5,1,5,1,3,482,83.56),(15,'GreedyAppraoch',5,1,5,1,4,519,83.56),(15,'GreedyAppraoch',5,1,6,1,2,556,84.6635),(15,'GreedyAppraoch',5,1,6,1,3,634,84.6635),(15,'GreedyAppraoch',5,1,6,1,4,693,84.6635),(15,'GreedyAppraoch',5,1,7,1,2,649,82.945),(15,'GreedyAppraoch',5,1,7,1,3,793,82.945),(15,'GreedyAppraoch',5,1,7,1,4,915,82.945),(15,'GreedyAppraoch',5,1,8,1,2,715,85.9925),(15,'GreedyAppraoch',5,1,8,1,3,896,85.9925),(15,'GreedyAppraoch',5,1,8,1,4,1008,85.9925),(15,'GreedyAppraoch',5,1,9,1,2,790,84.8135),(15,'GreedyAppraoch',5,1,9,1,3,991,84.8135),(15,'GreedyAppraoch',5,1,9,1,4,1114,84.8135),(15,'GreedyAppraoch',5,2,1,1,2,27,85.565),(15,'GreedyAppraoch',5,2,1,1,3,39,85.565),(15,'GreedyAppraoch',5,2,1,1,4,197,85.565),(15,'GreedyAppraoch',5,2,2,1,2,153,85.65299999999999),(15,'GreedyAppraoch',5,2,2,1,3,128,85.65299999999999),(15,'GreedyAppraoch',5,2,2,1,4,741,85.65299999999999),(15,'GreedyAppraoch',5,2,3,1,2,203,85.458),(15,'GreedyAppraoch',5,2,3,1,3,203,85.458),(15,'GreedyAppraoch',5,2,3,1,4,845,85.458),(15,'GreedyAppraoch',5,2,4,1,2,312,78.41499999999999),(15,'GreedyAppraoch',5,2,4,1,3,409,78.41499999999999),(15,'GreedyAppraoch',5,2,4,1,4,925,78.41499999999999),(15,'GreedyAppraoch',5,2,5,1,2,362,77.51),(15,'GreedyAppraoch',5,2,5,1,3,537,77.51),(15,'GreedyAppraoch',5,2,5,1,4,994,77.51),(15,'GreedyAppraoch',5,2,6,1,2,504,82.403),(15,'GreedyAppraoch',5,2,6,1,3,600,82.403),(15,'GreedyAppraoch',5,2,6,1,4,1067,82.403),(15,'GreedyAppraoch',5,2,7,1,2,557,71.945),(15,'GreedyAppraoch',5,2,7,1,3,664,71.945),(15,'GreedyAppraoch',5,2,7,1,4,1130,71.945),(15,'GreedyAppraoch',5,2,8,1,2,597,85.965),(15,'GreedyAppraoch',5,2,8,1,3,739,85.965),(15,'GreedyAppraoch',5,2,8,1,4,1185,85.965),(15,'GreedyAppraoch',5,2,9,1,2,640,83.70799999999998),(15,'GreedyAppraoch',5,2,9,1,3,828,83.70799999999998),(15,'GreedyAppraoch',5,2,9,1,4,1242,83.70799999999998),(15,'GreedyAppraoch',5,3,1,1,2,8,32.792500000000004),(15,'GreedyAppraoch',5,3,1,1,3,28,32.792500000000004),(15,'GreedyAppraoch',5,3,1,1,4,28,32.792500000000004),(15,'GreedyAppraoch',5,3,2,1,2,51,33.0785),(15,'GreedyAppraoch',5,3,2,1,3,141,33.0785),(15,'GreedyAppraoch',5,3,2,1,4,87,33.0785),(15,'GreedyAppraoch',5,3,3,1,2,96,32.32433333333333),(15,'GreedyAppraoch',5,3,3,1,3,196,32.32433333333333),(15,'GreedyAppraoch',5,3,3,1,4,150,32.32433333333333),(15,'GreedyAppraoch',5,3,4,1,2,179,30.436666666666667),(15,'GreedyAppraoch',5,3,4,1,3,260,30.436666666666667),(15,'GreedyAppraoch',5,3,4,1,4,319,30.436666666666667),(15,'GreedyAppraoch',5,3,5,1,2,216,29.33),(15,'GreedyAppraoch',5,3,5,1,3,321,29.33),(15,'GreedyAppraoch',5,3,5,1,4,384,29.33),(15,'GreedyAppraoch',5,3,6,1,2,253,30.690166666666666),(15,'GreedyAppraoch',5,3,6,1,3,384,30.690166666666666),(15,'GreedyAppraoch',5,3,6,1,4,452,30.690166666666666),(15,'GreedyAppraoch',5,3,7,1,2,300,31.41),(15,'GreedyAppraoch',5,3,7,1,3,450,31.41),(15,'GreedyAppraoch',5,3,7,1,4,520,31.41),(15,'GreedyAppraoch',5,3,8,1,2,354,34.659166666666664),(15,'GreedyAppraoch',5,3,8,1,3,517,34.659166666666664),(15,'GreedyAppraoch',5,3,8,1,4,586,34.659166666666664),(15,'GreedyAppraoch',5,3,9,1,2,407,30.235166666666665),(15,'GreedyAppraoch',5,3,9,1,3,579,30.235166666666665),(15,'GreedyAppraoch',5,3,9,1,4,669,30.235166666666665),(15,'GreedyAppraoch',6,1,1,1,2,93,85.5925),(15,'GreedyAppraoch',6,1,1,1,3,63,85.5925),(15,'GreedyAppraoch',6,1,1,1,4,64,85.5925),(15,'GreedyAppraoch',6,1,2,1,2,214,85.6585),(15,'GreedyAppraoch',6,1,2,1,3,168,85.6585),(15,'GreedyAppraoch',6,1,2,1,4,191,85.6585),(15,'GreedyAppraoch',6,1,3,1,2,313,85.491),(15,'GreedyAppraoch',6,1,3,1,3,300,85.491),(15,'GreedyAppraoch',6,1,3,1,4,320,85.491),(15,'GreedyAppraoch',6,1,4,1,2,406,83.91499999999999),(15,'GreedyAppraoch',6,1,4,1,3,396,83.91499999999999),(15,'GreedyAppraoch',6,1,4,1,4,448,83.91499999999999),(15,'GreedyAppraoch',6,1,5,1,2,491,83.56),(15,'GreedyAppraoch',6,1,5,1,3,492,83.56),(15,'GreedyAppraoch',6,1,5,1,4,529,83.56),(15,'GreedyAppraoch',6,1,6,1,2,573,84.6635),(15,'GreedyAppraoch',6,1,6,1,3,643,84.6635),(15,'GreedyAppraoch',6,1,6,1,4,704,84.6635),(15,'GreedyAppraoch',6,1,7,1,2,664,82.945),(15,'GreedyAppraoch',6,1,7,1,3,804,82.945),(15,'GreedyAppraoch',6,1,7,1,4,926,82.945),(15,'GreedyAppraoch',6,1,8,1,2,731,85.9925),(15,'GreedyAppraoch',6,1,8,1,3,906,85.9925),(15,'GreedyAppraoch',6,1,8,1,4,1022,85.9925),(15,'GreedyAppraoch',6,1,9,1,2,800,84.8135),(15,'GreedyAppraoch',6,1,9,1,3,1001,84.8135),(15,'GreedyAppraoch',6,1,9,1,4,1126,84.8135),(15,'GreedyAppraoch',6,2,1,1,2,40,85.565),(15,'GreedyAppraoch',6,2,1,1,3,66,85.565),(15,'GreedyAppraoch',6,2,1,1,4,207,85.565),(15,'GreedyAppraoch',6,2,2,1,2,161,85.65299999999999),(15,'GreedyAppraoch',6,2,2,1,3,136,85.65299999999999),(15,'GreedyAppraoch',6,2,2,1,4,774,85.65299999999999),(15,'GreedyAppraoch',6,2,3,1,2,212,85.458),(15,'GreedyAppraoch',6,2,3,1,3,228,85.458),(15,'GreedyAppraoch',6,2,3,1,4,853,85.458),(15,'GreedyAppraoch',6,2,4,1,2,320,78.41499999999999),(15,'GreedyAppraoch',6,2,4,1,3,419,78.41499999999999),(15,'GreedyAppraoch',6,2,4,1,4,936,78.41499999999999),(15,'GreedyAppraoch',6,2,5,1,2,373,77.51),(15,'GreedyAppraoch',6,2,5,1,3,545,77.51),(15,'GreedyAppraoch',6,2,5,1,4,1005,77.51),(15,'GreedyAppraoch',6,2,6,1,2,513,82.403),(15,'GreedyAppraoch',6,2,6,1,3,608,82.403),(15,'GreedyAppraoch',6,2,6,1,4,1076,82.403),(15,'GreedyAppraoch',6,2,7,1,2,564,71.945),(15,'GreedyAppraoch',6,2,7,1,3,671,71.945),(15,'GreedyAppraoch',6,2,7,1,4,1136,71.945),(15,'GreedyAppraoch',6,2,8,1,2,606,85.965),(15,'GreedyAppraoch',6,2,8,1,3,751,85.965),(15,'GreedyAppraoch',6,2,8,1,4,1193,85.965),(15,'GreedyAppraoch',6,2,9,1,2,650,83.70799999999998),(15,'GreedyAppraoch',6,2,9,1,3,872,83.70799999999998),(15,'GreedyAppraoch',6,2,9,1,4,1249,83.70799999999998),(15,'GreedyAppraoch',6,3,1,1,2,15,32.792500000000004),(15,'GreedyAppraoch',6,3,1,1,3,35,32.792500000000004),(15,'GreedyAppraoch',6,3,1,1,4,34,32.792500000000004),(15,'GreedyAppraoch',6,3,2,1,2,60,33.0785),(15,'GreedyAppraoch',6,3,2,1,3,148,33.0785),(15,'GreedyAppraoch',6,3,2,1,4,94,33.0785),(15,'GreedyAppraoch',6,3,3,1,2,104,32.32433333333333),(15,'GreedyAppraoch',6,3,3,1,3,203,32.32433333333333),(15,'GreedyAppraoch',6,3,3,1,4,160,32.32433333333333),(15,'GreedyAppraoch',6,3,4,1,2,186,30.436666666666667),(15,'GreedyAppraoch',6,3,4,1,3,268,30.436666666666667),(15,'GreedyAppraoch',6,3,4,1,4,328,30.436666666666667),(15,'GreedyAppraoch',6,3,5,1,2,224,29.33),(15,'GreedyAppraoch',6,3,5,1,3,328,29.33),(15,'GreedyAppraoch',6,3,5,1,4,392,29.33),(15,'GreedyAppraoch',6,3,6,1,2,260,30.690166666666666),(15,'GreedyAppraoch',6,3,6,1,3,392,30.690166666666666),(15,'GreedyAppraoch',6,3,6,1,4,461,30.690166666666666),(15,'GreedyAppraoch',6,3,7,1,2,315,31.41),(15,'GreedyAppraoch',6,3,7,1,3,459,31.41),(15,'GreedyAppraoch',6,3,7,1,4,528,31.41),(15,'GreedyAppraoch',6,3,8,1,2,363,34.659166666666664),(15,'GreedyAppraoch',6,3,8,1,3,524,34.659166666666664),(15,'GreedyAppraoch',6,3,8,1,4,596,34.659166666666664),(15,'GreedyAppraoch',6,3,9,1,2,414,30.235166666666665),(15,'GreedyAppraoch',6,3,9,1,3,586,30.235166666666665),(15,'GreedyAppraoch',6,3,9,1,4,677,30.235166666666665),(15,'GreedyAppraoch',7,1,1,1,2,116,85.5925),(15,'GreedyAppraoch',7,1,1,1,3,77,85.5925),(15,'GreedyAppraoch',7,1,1,1,4,79,85.5925),(15,'GreedyAppraoch',7,1,2,1,2,235,85.6585),(15,'GreedyAppraoch',7,1,2,1,3,194,85.6585),(15,'GreedyAppraoch',7,1,2,1,4,205,85.6585),(15,'GreedyAppraoch',7,1,3,1,2,334,85.491),(15,'GreedyAppraoch',7,1,3,1,3,313,85.491),(15,'GreedyAppraoch',7,1,3,1,4,332,85.491),(15,'GreedyAppraoch',7,1,4,1,2,427,83.91499999999999),(15,'GreedyAppraoch',7,1,4,1,3,409,83.91499999999999),(15,'GreedyAppraoch',7,1,4,1,4,457,83.91499999999999),(15,'GreedyAppraoch',7,1,5,1,2,504,83.56),(15,'GreedyAppraoch',7,1,5,1,3,505,83.56),(15,'GreedyAppraoch',7,1,5,1,4,541,83.56),(15,'GreedyAppraoch',7,1,6,1,2,588,84.6635),(15,'GreedyAppraoch',7,1,6,1,3,653,84.6635),(15,'GreedyAppraoch',7,1,6,1,4,757,84.6635),(15,'GreedyAppraoch',7,1,7,1,2,676,82.945),(15,'GreedyAppraoch',7,1,7,1,3,818,82.945),(15,'GreedyAppraoch',7,1,7,1,4,935,82.945),(15,'GreedyAppraoch',7,1,8,1,2,755,85.9925),(15,'GreedyAppraoch',7,1,8,1,3,919,85.9925),(15,'GreedyAppraoch',7,1,8,1,4,1031,85.9925),(15,'GreedyAppraoch',7,1,9,1,2,813,84.8135),(15,'GreedyAppraoch',7,1,9,1,3,1012,84.8135),(15,'GreedyAppraoch',7,1,9,1,4,1137,84.8135),(15,'GreedyAppraoch',7,2,1,1,2,124,85.565),(15,'GreedyAppraoch',7,2,1,1,3,76,85.565),(15,'GreedyAppraoch',7,2,1,1,4,218,85.565),(15,'GreedyAppraoch',7,2,2,1,2,172,85.65299999999999),(15,'GreedyAppraoch',7,2,2,1,3,144,85.65299999999999),(15,'GreedyAppraoch',7,2,2,1,4,795,85.65299999999999),(15,'GreedyAppraoch',7,2,3,1,2,220,85.458),(15,'GreedyAppraoch',7,2,3,1,3,360,85.458),(15,'GreedyAppraoch',7,2,3,1,4,861,85.458),(15,'GreedyAppraoch',7,2,4,1,2,329,78.41499999999999),(15,'GreedyAppraoch',7,2,4,1,3,428,78.41499999999999),(15,'GreedyAppraoch',7,2,4,1,4,949,78.41499999999999),(15,'GreedyAppraoch',7,2,5,1,2,383,77.51),(15,'GreedyAppraoch',7,2,5,1,3,553,77.51),(15,'GreedyAppraoch',7,2,5,1,4,1015,77.51),(15,'GreedyAppraoch',7,2,6,1,2,522,82.403),(15,'GreedyAppraoch',7,2,6,1,3,615,82.403),(15,'GreedyAppraoch',7,2,6,1,4,1083,82.403),(15,'GreedyAppraoch',7,2,7,1,2,573,71.945),(15,'GreedyAppraoch',7,2,7,1,3,681,71.945),(15,'GreedyAppraoch',7,2,7,1,4,1143,71.945),(15,'GreedyAppraoch',7,2,8,1,2,615,85.965),(15,'GreedyAppraoch',7,2,8,1,3,761,85.965),(15,'GreedyAppraoch',7,2,8,1,4,1199,85.965),(15,'GreedyAppraoch',7,2,9,1,2,658,83.70799999999998),(15,'GreedyAppraoch',7,2,9,1,3,882,83.70799999999998),(15,'GreedyAppraoch',7,2,9,1,4,1256,83.70799999999998),(15,'GreedyAppraoch',7,3,1,1,2,22,32.792500000000004),(15,'GreedyAppraoch',7,3,1,1,3,41,32.792500000000004),(15,'GreedyAppraoch',7,3,1,1,4,41,32.792500000000004),(15,'GreedyAppraoch',7,3,2,1,2,69,33.0785),(15,'GreedyAppraoch',7,3,2,1,3,154,33.0785),(15,'GreedyAppraoch',7,3,2,1,4,100,33.0785),(15,'GreedyAppraoch',7,3,3,1,2,153,32.32433333333333),(15,'GreedyAppraoch',7,3,3,1,3,214,32.32433333333333),(15,'GreedyAppraoch',7,3,3,1,4,171,32.32433333333333),(15,'GreedyAppraoch',7,3,4,1,2,193,30.436666666666667),(15,'GreedyAppraoch',7,3,4,1,3,275,30.436666666666667),(15,'GreedyAppraoch',7,3,4,1,4,337,30.436666666666667),(15,'GreedyAppraoch',7,3,5,1,2,231,29.33),(15,'GreedyAppraoch',7,3,5,1,3,337,29.33),(15,'GreedyAppraoch',7,3,5,1,4,401,29.33),(15,'GreedyAppraoch',7,3,6,1,2,269,30.690166666666666),(15,'GreedyAppraoch',7,3,6,1,3,399,30.690166666666666),(15,'GreedyAppraoch',7,3,6,1,4,469,30.690166666666666),(15,'GreedyAppraoch',7,3,7,1,2,325,31.41),(15,'GreedyAppraoch',7,3,7,1,3,469,31.41),(15,'GreedyAppraoch',7,3,7,1,4,538,31.41),(15,'GreedyAppraoch',7,3,8,1,2,374,34.659166666666664),(15,'GreedyAppraoch',7,3,8,1,3,531,34.659166666666664),(15,'GreedyAppraoch',7,3,8,1,4,617,34.659166666666664),(15,'GreedyAppraoch',7,3,9,1,2,422,30.235166666666665),(15,'GreedyAppraoch',7,3,9,1,3,594,30.235166666666665),(15,'GreedyAppraoch',7,3,9,1,4,685,30.235166666666665),(15,'GreedyAppraoch',8,1,1,1,2,140,85.5925),(15,'GreedyAppraoch',8,1,1,1,3,89,85.5925),(15,'GreedyAppraoch',8,1,1,1,4,92,85.5925),(15,'GreedyAppraoch',8,1,2,1,2,260,85.6585),(15,'GreedyAppraoch',8,1,2,1,3,205,85.6585),(15,'GreedyAppraoch',8,1,2,1,4,218,85.6585),(15,'GreedyAppraoch',8,1,3,1,2,353,85.491),(15,'GreedyAppraoch',8,1,3,1,3,329,85.491),(15,'GreedyAppraoch',8,1,3,1,4,344,85.491),(15,'GreedyAppraoch',8,1,4,1,2,439,83.91499999999999),(15,'GreedyAppraoch',8,1,4,1,3,422,83.91499999999999),(15,'GreedyAppraoch',8,1,4,1,4,465,83.91499999999999),(15,'GreedyAppraoch',8,1,5,1,2,516,83.56),(15,'GreedyAppraoch',8,1,5,1,3,517,83.56),(15,'GreedyAppraoch',8,1,5,1,4,556,83.56),(15,'GreedyAppraoch',8,1,6,1,2,621,84.6635),(15,'GreedyAppraoch',8,1,6,1,3,663,84.6635),(15,'GreedyAppraoch',8,1,6,1,4,857,84.6635),(15,'GreedyAppraoch',8,1,7,1,2,687,82.945),(15,'GreedyAppraoch',8,1,7,1,3,830,82.945),(15,'GreedyAppraoch',8,1,7,1,4,945,82.945),(15,'GreedyAppraoch',8,1,8,1,2,768,85.9925),(15,'GreedyAppraoch',8,1,8,1,3,932,85.9925),(15,'GreedyAppraoch',8,1,8,1,4,1044,85.9925),(15,'GreedyAppraoch',8,1,9,1,2,826,84.8135),(15,'GreedyAppraoch',8,1,9,1,3,1022,84.8135),(15,'GreedyAppraoch',8,1,9,1,4,1148,84.8135),(15,'GreedyAppraoch',8,2,1,1,2,136,85.565),(15,'GreedyAppraoch',8,2,1,1,3,85,85.565),(15,'GreedyAppraoch',8,2,1,1,4,228,85.565),(15,'GreedyAppraoch',8,2,2,1,2,181,85.65299999999999),(15,'GreedyAppraoch',8,2,2,1,3,152,85.65299999999999),(15,'GreedyAppraoch',8,2,2,1,4,804,85.65299999999999),(15,'GreedyAppraoch',8,2,3,1,2,288,85.458),(15,'GreedyAppraoch',8,2,3,1,3,369,85.458),(15,'GreedyAppraoch',8,2,3,1,4,869,85.458),(15,'GreedyAppraoch',8,2,4,1,2,339,78.41499999999999),(15,'GreedyAppraoch',8,2,4,1,3,442,78.41499999999999),(15,'GreedyAppraoch',8,2,4,1,4,957,78.41499999999999),(15,'GreedyAppraoch',8,2,5,1,2,399,77.51),(15,'GreedyAppraoch',8,2,5,1,3,561,77.51),(15,'GreedyAppraoch',8,2,5,1,4,1024,77.51),(15,'GreedyAppraoch',8,2,6,1,2,533,82.403),(15,'GreedyAppraoch',8,2,6,1,3,623,82.403),(15,'GreedyAppraoch',8,2,6,1,4,1090,82.403),(15,'GreedyAppraoch',8,2,7,1,2,581,71.945),(15,'GreedyAppraoch',8,2,7,1,3,691,71.945),(15,'GreedyAppraoch',8,2,7,1,4,1150,71.945),(15,'GreedyAppraoch',8,2,8,1,2,623,85.965),(15,'GreedyAppraoch',8,2,8,1,3,770,85.965),(15,'GreedyAppraoch',8,2,8,1,4,1207,85.965),(15,'GreedyAppraoch',8,2,9,1,2,667,83.70799999999998),(15,'GreedyAppraoch',8,2,9,1,3,893,83.70799999999998),(15,'GreedyAppraoch',8,2,9,1,4,1263,83.70799999999998),(15,'GreedyAppraoch',8,3,1,1,2,30,32.792500000000004),(15,'GreedyAppraoch',8,3,1,1,3,49,32.792500000000004),(15,'GreedyAppraoch',8,3,1,1,4,48,32.792500000000004),(15,'GreedyAppraoch',8,3,2,1,2,79,33.0785),(15,'GreedyAppraoch',8,3,2,1,3,161,33.0785),(15,'GreedyAppraoch',8,3,2,1,4,108,33.0785),(15,'GreedyAppraoch',8,3,3,1,2,163,32.32433333333333),(15,'GreedyAppraoch',8,3,3,1,3,222,32.32433333333333),(15,'GreedyAppraoch',8,3,3,1,4,180,32.32433333333333),(15,'GreedyAppraoch',8,3,4,1,2,201,30.436666666666667),(15,'GreedyAppraoch',8,3,4,1,3,282,30.436666666666667),(15,'GreedyAppraoch',8,3,4,1,4,344,30.436666666666667),(15,'GreedyAppraoch',8,3,5,1,2,238,29.33),(15,'GreedyAppraoch',8,3,5,1,3,345,29.33),(15,'GreedyAppraoch',8,3,5,1,4,409,29.33),(15,'GreedyAppraoch',8,3,6,1,2,280,30.690166666666666),(15,'GreedyAppraoch',8,3,6,1,3,406,30.690166666666666),(15,'GreedyAppraoch',8,3,6,1,4,477,30.690166666666666),(15,'GreedyAppraoch',8,3,7,1,2,334,31.41),(15,'GreedyAppraoch',8,3,7,1,3,479,31.41),(15,'GreedyAppraoch',8,3,7,1,4,546,31.41),(15,'GreedyAppraoch',8,3,8,1,2,391,34.659166666666664),(15,'GreedyAppraoch',8,3,8,1,3,538,34.659166666666664),(15,'GreedyAppraoch',8,3,8,1,4,626,34.659166666666664),(15,'GreedyAppraoch',8,3,9,1,2,429,30.235166666666665),(15,'GreedyAppraoch',8,3,9,1,3,601,30.235166666666665),(15,'GreedyAppraoch',8,3,9,1,4,699,30.235166666666665),(15,'ProposedApproach',1,1,1,1,3,389,85.5925),(15,'ProposedApproach',1,1,1,1,4,412,85.5925),(15,'ProposedApproach',1,1,2,1,3,117,85.6585),(15,'ProposedApproach',1,1,2,1,4,85,85.6585),(15,'ProposedApproach',1,1,3,1,3,7,85.491),(15,'ProposedApproach',1,1,3,1,4,6,85.491),(15,'ProposedApproach',1,1,4,1,3,0,83.91499999999999),(15,'ProposedApproach',1,1,4,1,4,0,83.91499999999999),(15,'ProposedApproach',1,1,5,1,3,110,83.56),(15,'ProposedApproach',1,1,5,1,4,78,83.56),(15,'ProposedApproach',1,1,6,1,3,317,84.6635),(15,'ProposedApproach',1,1,6,1,4,337,84.6635),(15,'ProposedApproach',1,1,7,1,3,15,82.945),(15,'ProposedApproach',1,1,7,1,4,12,82.945),(15,'ProposedApproach',1,1,8,1,3,174,85.9925),(15,'ProposedApproach',1,1,8,1,4,184,85.9925),(15,'ProposedApproach',1,1,9,1,3,52,84.8135),(15,'ProposedApproach',1,1,9,1,4,43,84.8135),(15,'ProposedApproach',1,2,1,1,3,355,85.565),(15,'ProposedApproach',1,2,1,1,4,371,85.565),(15,'ProposedApproach',1,2,2,1,3,84,85.65299999999999),(15,'ProposedApproach',1,2,2,1,4,84,85.65299999999999),(15,'ProposedApproach',1,2,3,1,3,6,85.458),(15,'ProposedApproach',1,2,3,1,4,6,85.458),(15,'ProposedApproach',1,2,4,1,3,0,78.41499999999999),(15,'ProposedApproach',1,2,4,1,4,0,78.41499999999999),(15,'ProposedApproach',1,2,5,1,3,79,77.51),(15,'ProposedApproach',1,2,5,1,4,78,77.51),(15,'ProposedApproach',1,2,6,1,3,288,82.403),(15,'ProposedApproach',1,2,6,1,4,305,82.403),(15,'ProposedApproach',1,2,7,1,3,12,71.945),(15,'ProposedApproach',1,2,7,1,4,12,71.945),(15,'ProposedApproach',1,2,8,1,3,139,85.965),(15,'ProposedApproach',1,2,8,1,4,139,85.965),(15,'ProposedApproach',1,2,9,1,3,43,83.70799999999998),(15,'ProposedApproach',1,2,9,1,4,42,83.70799999999998),(15,'ProposedApproach',1,3,1,1,3,403,32.792500000000004),(15,'ProposedApproach',1,3,1,1,4,347,32.792500000000004),(15,'ProposedApproach',1,3,2,1,3,86,33.0785),(15,'ProposedApproach',1,3,2,1,4,89,33.0785),(15,'ProposedApproach',1,3,3,1,3,6,32.32433333333333),(15,'ProposedApproach',1,3,3,1,4,6,32.32433333333333),(15,'ProposedApproach',1,3,4,1,3,0,30.436666666666667),(15,'ProposedApproach',1,3,4,1,4,0,30.436666666666667),(15,'ProposedApproach',1,3,5,1,3,80,29.33),(15,'ProposedApproach',1,3,5,1,4,83,29.33),(15,'ProposedApproach',1,3,6,1,3,333,30.690166666666666),(15,'ProposedApproach',1,3,6,1,4,279,30.690166666666666),(15,'ProposedApproach',1,3,7,1,3,12,31.41),(15,'ProposedApproach',1,3,7,1,4,13,31.41),(15,'ProposedApproach',1,3,8,1,3,140,34.659166666666664),(15,'ProposedApproach',1,3,8,1,4,142,34.659166666666664),(15,'ProposedApproach',1,3,9,1,3,43,30.235166666666665),(15,'ProposedApproach',1,3,9,1,4,45,30.235166666666665),(15,'ProposedApproach',2,1,1,1,3,445,85.5925),(15,'ProposedApproach',2,1,1,1,4,455,85.5925),(15,'ProposedApproach',2,1,2,1,3,186,85.6585),(15,'ProposedApproach',2,1,2,1,4,199,85.6585),(15,'ProposedApproach',2,1,3,1,3,74,85.491),(15,'ProposedApproach',2,1,3,1,4,49,85.491),(15,'ProposedApproach',2,1,4,1,3,44,83.91499999999999),(15,'ProposedApproach',2,1,4,1,4,37,83.91499999999999),(15,'ProposedApproach',2,1,5,1,3,36,83.56),(15,'ProposedApproach',2,1,5,1,4,31,83.56),(15,'ProposedApproach',2,1,6,1,3,330,84.6635),(15,'ProposedApproach',2,1,6,1,4,350,84.6635),(15,'ProposedApproach',2,1,7,1,3,22,82.945),(15,'ProposedApproach',2,1,7,1,4,18,82.945),(15,'ProposedApproach',2,1,8,1,3,167,85.9925),(15,'ProposedApproach',2,1,8,1,4,173,85.9925),(15,'ProposedApproach',2,1,9,1,3,103,84.8135),(15,'ProposedApproach',2,1,9,1,4,72,84.8135),(15,'ProposedApproach',2,2,1,1,3,399,85.565),(15,'ProposedApproach',2,2,1,1,4,413,85.565),(15,'ProposedApproach',2,2,2,1,3,151,85.65299999999999),(15,'ProposedApproach',2,2,2,1,4,151,85.65299999999999),(15,'ProposedApproach',2,2,3,1,3,49,85.458),(15,'ProposedApproach',2,2,3,1,4,49,85.458),(15,'ProposedApproach',2,2,4,1,3,36,78.41499999999999),(15,'ProposedApproach',2,2,4,1,4,36,78.41499999999999),(15,'ProposedApproach',2,2,5,1,3,31,77.51),(15,'ProposedApproach',2,2,5,1,4,30,77.51),(15,'ProposedApproach',2,2,6,1,3,300,82.403),(15,'ProposedApproach',2,2,6,1,4,317,82.403),(15,'ProposedApproach',2,2,7,1,3,18,71.945),(15,'ProposedApproach',2,2,7,1,4,18,71.945),(15,'ProposedApproach',2,2,8,1,3,133,85.965),(15,'ProposedApproach',2,2,8,1,4,133,85.965),(15,'ProposedApproach',2,2,9,1,3,72,83.70799999999998),(15,'ProposedApproach',2,2,9,1,4,72,83.70799999999998),(15,'ProposedApproach',2,3,1,1,3,453,32.792500000000004),(15,'ProposedApproach',2,3,1,1,4,390,32.792500000000004),(15,'ProposedApproach',2,3,2,1,3,152,33.0785),(15,'ProposedApproach',2,3,2,1,4,154,33.0785),(15,'ProposedApproach',2,3,3,1,3,49,32.32433333333333),(15,'ProposedApproach',2,3,3,1,4,51,32.32433333333333),(15,'ProposedApproach',2,3,4,1,3,36,30.436666666666667),(15,'ProposedApproach',2,3,4,1,4,39,30.436666666666667),(15,'ProposedApproach',2,3,5,1,3,29,29.33),(15,'ProposedApproach',2,3,5,1,4,32,29.33),(15,'ProposedApproach',2,3,6,1,3,345,30.690166666666666),(15,'ProposedApproach',2,3,6,1,4,291,30.690166666666666),(15,'ProposedApproach',2,3,7,1,3,17,31.41),(15,'ProposedApproach',2,3,7,1,4,19,31.41),(15,'ProposedApproach',2,3,8,1,3,134,34.659166666666664),(15,'ProposedApproach',2,3,8,1,4,136,34.659166666666664),(15,'ProposedApproach',2,3,9,1,3,74,30.235166666666665),(15,'ProposedApproach',2,3,9,1,4,76,30.235166666666665),(15,'ProposedApproach',3,1,1,1,3,438,85.5925),(15,'ProposedApproach',3,1,1,1,4,448,85.5925),(15,'ProposedApproach',3,1,2,1,3,248,85.6585),(15,'ProposedApproach',3,1,2,1,4,266,85.6585),(15,'ProposedApproach',3,1,3,1,3,131,85.491),(15,'ProposedApproach',3,1,3,1,4,97,85.491),(15,'ProposedApproach',3,1,4,1,3,96,83.91499999999999),(15,'ProposedApproach',3,1,4,1,4,66,83.91499999999999),(15,'ProposedApproach',3,1,5,1,3,81,83.56),(15,'ProposedApproach',3,1,5,1,4,54,83.56),(15,'ProposedApproach',3,1,6,1,3,324,84.6635),(15,'ProposedApproach',3,1,6,1,4,344,84.6635),(15,'ProposedApproach',3,1,7,1,3,29,82.945),(15,'ProposedApproach',3,1,7,1,4,25,82.945),(15,'ProposedApproach',3,1,8,1,3,161,85.9925),(15,'ProposedApproach',3,1,8,1,4,129,85.9925),(15,'ProposedApproach',3,1,9,1,3,88,84.8135),(15,'ProposedApproach',3,1,9,1,4,60,84.8135),(15,'ProposedApproach',3,2,1,1,3,393,85.565),(15,'ProposedApproach',3,2,1,1,4,407,85.565),(15,'ProposedApproach',3,2,2,1,3,219,85.65299999999999),(15,'ProposedApproach',3,2,2,1,4,236,85.65299999999999),(15,'ProposedApproach',3,2,3,1,3,97,85.458),(15,'ProposedApproach',3,2,3,1,4,96,85.458),(15,'ProposedApproach',3,2,4,1,3,67,78.41499999999999),(15,'ProposedApproach',3,2,4,1,4,66,78.41499999999999),(15,'ProposedApproach',3,2,5,1,3,55,77.51),(15,'ProposedApproach',3,2,5,1,4,55,77.51),(15,'ProposedApproach',3,2,6,1,3,294,82.403),(15,'ProposedApproach',3,2,6,1,4,311,82.403),(15,'ProposedApproach',3,2,7,1,3,24,71.945),(15,'ProposedApproach',3,2,7,1,4,24,71.945),(15,'ProposedApproach',3,2,8,1,3,127,85.965),(15,'ProposedApproach',3,2,8,1,4,127,85.965),(15,'ProposedApproach',3,2,9,1,3,61,83.70799999999998),(15,'ProposedApproach',3,2,9,1,4,60,83.70799999999998),(15,'ProposedApproach',3,3,1,1,3,447,32.792500000000004),(15,'ProposedApproach',3,3,1,1,4,383,32.792500000000004),(15,'ProposedApproach',3,3,2,1,3,224,33.0785),(15,'ProposedApproach',3,3,2,1,4,213,33.0785),(15,'ProposedApproach',3,3,3,1,3,98,32.32433333333333),(15,'ProposedApproach',3,3,3,1,4,101,32.32433333333333),(15,'ProposedApproach',3,3,4,1,3,68,30.436666666666667),(15,'ProposedApproach',3,3,4,1,4,70,30.436666666666667),(15,'ProposedApproach',3,3,5,1,3,55,29.33),(15,'ProposedApproach',3,3,5,1,4,58,29.33),(15,'ProposedApproach',3,3,6,1,3,339,30.690166666666666),(15,'ProposedApproach',3,3,6,1,4,285,30.690166666666666),(15,'ProposedApproach',3,3,7,1,3,23,31.41),(15,'ProposedApproach',3,3,7,1,4,26,31.41),(15,'ProposedApproach',3,3,8,1,3,128,34.659166666666664),(15,'ProposedApproach',3,3,8,1,4,130,34.659166666666664),(15,'ProposedApproach',3,3,9,1,3,62,30.235166666666665),(15,'ProposedApproach',3,3,9,1,4,64,30.235166666666665),(15,'ProposedApproach',4,1,1,1,2,309,85.5925),(15,'ProposedApproach',4,1,1,1,3,466,85.5925),(15,'ProposedApproach',4,1,1,1,4,473,85.5925),(15,'ProposedApproach',4,1,2,1,2,148,85.6585),(15,'ProposedApproach',4,1,2,1,3,280,85.6585),(15,'ProposedApproach',4,1,2,1,4,298,85.6585),(15,'ProposedApproach',4,1,3,1,2,16,85.491),(15,'ProposedApproach',4,1,3,1,3,143,85.491),(15,'ProposedApproach',4,1,3,1,4,109,85.491),(15,'ProposedApproach',4,1,4,1,2,7,83.91499999999999),(15,'ProposedApproach',4,1,4,1,3,137,83.91499999999999),(15,'ProposedApproach',4,1,4,1,4,103,83.91499999999999),(15,'ProposedApproach',4,1,5,1,2,0,83.56),(15,'ProposedApproach',4,1,5,1,3,124,83.56),(15,'ProposedApproach',4,1,5,1,4,91,83.56),(15,'ProposedApproach',4,1,6,1,2,231,84.6635),(15,'ProposedApproach',4,1,6,1,3,366,84.6635),(15,'ProposedApproach',4,1,6,1,4,393,84.6635),(15,'ProposedApproach',4,1,7,1,2,32,82.945),(15,'ProposedApproach',4,1,7,1,3,155,82.945),(15,'ProposedApproach',4,1,7,1,4,121,82.945),(15,'ProposedApproach',4,1,8,1,2,200,85.9925),(15,'ProposedApproach',4,1,8,1,3,342,85.9925),(15,'ProposedApproach',4,1,8,1,4,362,85.9925),(15,'ProposedApproach',4,1,9,1,2,65,84.8135),(15,'ProposedApproach',4,1,9,1,3,206,84.8135),(15,'ProposedApproach',4,1,9,1,4,222,84.8135),(15,'ProposedApproach',4,2,1,1,2,409,85.565),(15,'ProposedApproach',4,2,1,1,3,418,85.565),(15,'ProposedApproach',4,2,1,1,4,431,85.565),(15,'ProposedApproach',4,2,2,1,2,137,85.65299999999999),(15,'ProposedApproach',4,2,2,1,3,249,85.65299999999999),(15,'ProposedApproach',4,2,2,1,4,269,85.65299999999999),(15,'ProposedApproach',4,2,3,1,2,11,85.458),(15,'ProposedApproach',4,2,3,1,3,109,85.458),(15,'ProposedApproach',4,2,3,1,4,109,85.458),(15,'ProposedApproach',4,2,4,1,2,6,78.41499999999999),(15,'ProposedApproach',4,2,4,1,3,103,78.41499999999999),(15,'ProposedApproach',4,2,4,1,4,103,78.41499999999999),(15,'ProposedApproach',4,2,5,1,2,0,77.51),(15,'ProposedApproach',4,2,5,1,3,91,77.51),(15,'ProposedApproach',4,2,5,1,4,90,77.51),(15,'ProposedApproach',4,2,6,1,2,204,82.403),(15,'ProposedApproach',4,2,6,1,3,337,82.403),(15,'ProposedApproach',4,2,6,1,4,353,82.403),(15,'ProposedApproach',4,2,7,1,2,24,71.945),(15,'ProposedApproach',4,2,7,1,3,121,71.945),(15,'ProposedApproach',4,2,7,1,4,121,71.945),(15,'ProposedApproach',4,2,8,1,2,180,85.965),(15,'ProposedApproach',4,2,8,1,3,312,85.965),(15,'ProposedApproach',4,2,8,1,4,329,85.965),(15,'ProposedApproach',4,2,9,1,2,68,83.70799999999998),(15,'ProposedApproach',4,2,9,1,3,169,83.70799999999998),(15,'ProposedApproach',4,2,9,1,4,170,83.70799999999998),(15,'ProposedApproach',4,3,1,1,2,254,32.792500000000004),(15,'ProposedApproach',4,3,1,1,3,471,32.792500000000004),(15,'ProposedApproach',4,3,1,1,4,408,32.792500000000004),(15,'ProposedApproach',4,3,2,1,2,116,33.0785),(15,'ProposedApproach',4,3,2,1,3,260,33.0785),(15,'ProposedApproach',4,3,2,1,4,243,33.0785),(15,'ProposedApproach',4,3,3,1,2,11,32.32433333333333),(15,'ProposedApproach',4,3,3,1,3,110,32.32433333333333),(15,'ProposedApproach',4,3,3,1,4,112,32.32433333333333),(15,'ProposedApproach',4,3,4,1,2,5,30.436666666666667),(15,'ProposedApproach',4,3,4,1,3,104,30.436666666666667),(15,'ProposedApproach',4,3,4,1,4,107,30.436666666666667),(15,'ProposedApproach',4,3,5,1,2,0,29.33),(15,'ProposedApproach',4,3,5,1,3,92,29.33),(15,'ProposedApproach',4,3,5,1,4,95,29.33),(15,'ProposedApproach',4,3,6,1,2,189,30.690166666666666),(15,'ProposedApproach',4,3,6,1,3,384,30.690166666666666),(15,'ProposedApproach',4,3,6,1,4,327,30.690166666666666),(15,'ProposedApproach',4,3,7,1,2,24,31.41),(15,'ProposedApproach',4,3,7,1,3,122,31.41),(15,'ProposedApproach',4,3,7,1,4,124,31.41),(15,'ProposedApproach',4,3,8,1,2,158,34.659166666666664),(15,'ProposedApproach',4,3,8,1,3,358,34.659166666666664),(15,'ProposedApproach',4,3,8,1,4,303,34.659166666666664),(15,'ProposedApproach',4,3,9,1,2,47,30.235166666666665),(15,'ProposedApproach',4,3,9,1,3,170,30.235166666666665),(15,'ProposedApproach',4,3,9,1,4,172,30.235166666666665),(15,'ProposedApproach',5,1,1,1,2,324,85.5925),(15,'ProposedApproach',5,1,1,1,3,478,85.5925),(15,'ProposedApproach',5,1,1,1,4,485,85.5925),(15,'ProposedApproach',5,1,2,1,2,223,85.6585),(15,'ProposedApproach',5,1,2,1,3,360,85.6585),(15,'ProposedApproach',5,1,2,1,4,385,85.6585),(15,'ProposedApproach',5,1,3,1,2,81,85.491),(15,'ProposedApproach',5,1,3,1,3,218,85.491),(15,'ProposedApproach',5,1,3,1,4,236,85.491),(15,'ProposedApproach',5,1,4,1,2,41,83.91499999999999),(15,'ProposedApproach',5,1,4,1,3,180,83.91499999999999),(15,'ProposedApproach',5,1,4,1,4,192,83.91499999999999),(15,'ProposedApproach',5,1,5,1,2,49,83.56),(15,'ProposedApproach',5,1,5,1,3,192,83.56),(15,'ProposedApproach',5,1,5,1,4,207,83.56),(15,'ProposedApproach',5,1,6,1,2,263,84.6635),(15,'ProposedApproach',5,1,6,1,3,403,84.6635),(15,'ProposedApproach',5,1,6,1,4,424,84.6635),(15,'ProposedApproach',5,1,7,1,2,24,82.945),(15,'ProposedApproach',5,1,7,1,3,149,82.945),(15,'ProposedApproach',5,1,7,1,4,115,82.945),(15,'ProposedApproach',5,1,8,1,2,215,85.9925),(15,'ProposedApproach',5,1,8,1,3,354,85.9925),(15,'ProposedApproach',5,1,8,1,4,377,85.9925),(15,'ProposedApproach',5,1,9,1,2,58,84.8135),(15,'ProposedApproach',5,1,9,1,3,199,84.8135),(15,'ProposedApproach',5,1,9,1,4,214,84.8135),(15,'ProposedApproach',5,2,1,1,2,422,85.565),(15,'ProposedApproach',5,2,1,1,3,431,85.565),(15,'ProposedApproach',5,2,1,1,4,443,85.565),(15,'ProposedApproach',5,2,2,1,2,198,85.65299999999999),(15,'ProposedApproach',5,2,2,1,3,331,85.65299999999999),(15,'ProposedApproach',5,2,2,1,4,347,85.65299999999999),(15,'ProposedApproach',5,2,3,1,2,83,85.458),(15,'ProposedApproach',5,2,3,1,3,181,85.458),(15,'ProposedApproach',5,2,3,1,4,184,85.458),(15,'ProposedApproach',5,2,4,1,2,30,78.41499999999999),(15,'ProposedApproach',5,2,4,1,3,145,78.41499999999999),(15,'ProposedApproach',5,2,4,1,4,145,78.41499999999999),(15,'ProposedApproach',5,2,5,1,2,36,77.51),(15,'ProposedApproach',5,2,5,1,3,157,77.51),(15,'ProposedApproach',5,2,5,1,4,157,77.51),(15,'ProposedApproach',5,2,6,1,2,229,82.403),(15,'ProposedApproach',5,2,6,1,3,367,82.403),(15,'ProposedApproach',5,2,6,1,4,383,82.403),(15,'ProposedApproach',5,2,7,1,2,17,71.945),(15,'ProposedApproach',5,2,7,1,3,115,71.945),(15,'ProposedApproach',5,2,7,1,4,115,71.945),(15,'ProposedApproach',5,2,8,1,2,192,85.965),(15,'ProposedApproach',5,2,8,1,3,324,85.965),(15,'ProposedApproach',5,2,8,1,4,341,85.965),(15,'ProposedApproach',5,2,9,1,2,50,83.70799999999998),(15,'ProposedApproach',5,2,9,1,3,163,83.70799999999998),(15,'ProposedApproach',5,2,9,1,4,163,83.70799999999998),(15,'ProposedApproach',5,3,1,1,2,266,32.792500000000004),(15,'ProposedApproach',5,3,1,1,3,484,32.792500000000004),(15,'ProposedApproach',5,3,1,1,4,420,32.792500000000004),(15,'ProposedApproach',5,3,2,1,2,182,33.0785),(15,'ProposedApproach',5,3,2,1,3,377,33.0785),(15,'ProposedApproach',5,3,2,1,4,321,33.0785),(15,'ProposedApproach',5,3,3,1,2,61,32.32433333333333),(15,'ProposedApproach',5,3,3,1,3,185,32.32433333333333),(15,'ProposedApproach',5,3,3,1,4,184,32.32433333333333),(15,'ProposedApproach',5,3,4,1,2,30,30.436666666666667),(15,'ProposedApproach',5,3,4,1,3,146,30.436666666666667),(15,'ProposedApproach',5,3,4,1,4,148,30.436666666666667),(15,'ProposedApproach',5,3,5,1,2,36,29.33),(15,'ProposedApproach',5,3,5,1,3,158,29.33),(15,'ProposedApproach',5,3,5,1,4,160,29.33),(15,'ProposedApproach',5,3,6,1,2,218,30.690166666666666),(15,'ProposedApproach',5,3,6,1,3,415,30.690166666666666),(15,'ProposedApproach',5,3,6,1,4,359,30.690166666666666),(15,'ProposedApproach',5,3,7,1,2,18,31.41),(15,'ProposedApproach',5,3,7,1,3,116,31.41),(15,'ProposedApproach',5,3,7,1,4,118,31.41),(15,'ProposedApproach',5,3,8,1,2,171,34.659166666666664),(15,'ProposedApproach',5,3,8,1,3,371,34.659166666666664),(15,'ProposedApproach',5,3,8,1,4,315,34.659166666666664),(15,'ProposedApproach',5,3,9,1,2,42,30.235166666666665),(15,'ProposedApproach',5,3,9,1,3,164,30.235166666666665),(15,'ProposedApproach',5,3,9,1,4,166,30.235166666666665),(15,'ProposedApproach',6,1,1,1,2,316,85.5925),(15,'ProposedApproach',6,1,1,1,3,472,85.5925),(15,'ProposedApproach',6,1,1,1,4,479,85.5925),(15,'ProposedApproach',6,1,2,1,2,285,85.6585),(15,'ProposedApproach',6,1,2,1,3,432,85.6585),(15,'ProposedApproach',6,1,2,1,4,442,85.6585),(15,'ProposedApproach',6,1,3,1,2,134,85.491),(15,'ProposedApproach',6,1,3,1,3,267,85.491),(15,'ProposedApproach',6,1,3,1,4,285,85.491),(15,'ProposedApproach',6,1,4,1,2,112,83.91499999999999),(15,'ProposedApproach',6,1,4,1,3,242,83.91499999999999),(15,'ProposedApproach',6,1,4,1,4,260,83.91499999999999),(15,'ProposedApproach',6,1,5,1,2,97,83.56),(15,'ProposedApproach',6,1,5,1,3,230,83.56),(15,'ProposedApproach',6,1,5,1,4,247,83.56),(15,'ProposedApproach',6,1,6,1,2,238,84.6635),(15,'ProposedApproach',6,1,6,1,3,374,84.6635),(15,'ProposedApproach',6,1,6,1,4,400,84.6635),(15,'ProposedApproach',6,1,7,1,2,178,82.945),(15,'ProposedApproach',6,1,7,1,3,305,82.945),(15,'ProposedApproach',6,1,7,1,4,324,82.945),(15,'ProposedApproach',6,1,8,1,2,207,85.9925),(15,'ProposedApproach',6,1,8,1,3,348,85.9925),(15,'ProposedApproach',6,1,8,1,4,370,85.9925),(15,'ProposedApproach',6,1,9,1,2,127,84.8135),(15,'ProposedApproach',6,1,9,1,3,261,84.8135),(15,'ProposedApproach',6,1,9,1,4,279,84.8135),(15,'ProposedApproach',6,2,1,1,2,416,85.565),(15,'ProposedApproach',6,2,1,1,3,424,85.565),(15,'ProposedApproach',6,2,1,1,4,437,85.565),(15,'ProposedApproach',6,2,2,1,2,390,85.65299999999999),(15,'ProposedApproach',6,2,2,1,3,386,85.65299999999999),(15,'ProposedApproach',6,2,2,1,4,401,85.65299999999999),(15,'ProposedApproach',6,2,3,1,2,125,85.458),(15,'ProposedApproach',6,2,3,1,3,236,85.458),(15,'ProposedApproach',6,2,3,1,4,257,85.458),(15,'ProposedApproach',6,2,4,1,2,107,78.41499999999999),(15,'ProposedApproach',6,2,4,1,3,211,78.41499999999999),(15,'ProposedApproach',6,2,4,1,4,229,78.41499999999999),(15,'ProposedApproach',6,2,5,1,2,94,77.51),(15,'ProposedApproach',6,2,5,1,3,194,77.51),(15,'ProposedApproach',6,2,5,1,4,196,77.51),(15,'ProposedApproach',6,2,6,1,2,210,82.403),(15,'ProposedApproach',6,2,6,1,3,343,82.403),(15,'ProposedApproach',6,2,6,1,4,359,82.403),(15,'ProposedApproach',6,2,7,1,2,161,71.945),(15,'ProposedApproach',6,2,7,1,3,275,71.945),(15,'ProposedApproach',6,2,7,1,4,293,71.945),(15,'ProposedApproach',6,2,8,1,2,186,85.965),(15,'ProposedApproach',6,2,8,1,3,318,85.965),(15,'ProposedApproach',6,2,8,1,4,335,85.965),(15,'ProposedApproach',6,2,9,1,2,119,83.70799999999998),(15,'ProposedApproach',6,2,9,1,3,231,83.70799999999998),(15,'ProposedApproach',6,2,9,1,4,250,83.70799999999998),(15,'ProposedApproach',6,3,1,1,2,260,32.792500000000004),(15,'ProposedApproach',6,3,1,1,3,477,32.792500000000004),(15,'ProposedApproach',6,3,1,1,4,414,32.792500000000004),(15,'ProposedApproach',6,3,2,1,2,236,33.0785),(15,'ProposedApproach',6,3,2,1,3,440,33.0785),(15,'ProposedApproach',6,3,2,1,4,377,33.0785),(15,'ProposedApproach',6,3,3,1,2,104,32.32433333333333),(15,'ProposedApproach',6,3,3,1,3,245,32.32433333333333),(15,'ProposedApproach',6,3,3,1,4,231,32.32433333333333),(15,'ProposedApproach',6,3,4,1,2,86,30.436666666666667),(15,'ProposedApproach',6,3,4,1,3,216,30.436666666666667),(15,'ProposedApproach',6,3,4,1,4,207,30.436666666666667),(15,'ProposedApproach',6,3,5,1,2,73,29.33),(15,'ProposedApproach',6,3,5,1,3,200,29.33),(15,'ProposedApproach',6,3,5,1,4,196,29.33),(15,'ProposedApproach',6,3,6,1,2,196,30.690166666666666),(15,'ProposedApproach',6,3,6,1,3,391,30.690166666666666),(15,'ProposedApproach',6,3,6,1,4,334,30.690166666666666),(15,'ProposedApproach',6,3,7,1,2,140,31.41),(15,'ProposedApproach',6,3,7,1,3,318,31.41),(15,'ProposedApproach',6,3,7,1,4,267,31.41),(15,'ProposedApproach',6,3,8,1,2,164,34.659166666666664),(15,'ProposedApproach',6,3,8,1,3,364,34.659166666666664),(15,'ProposedApproach',6,3,8,1,4,309,34.659166666666664),(15,'ProposedApproach',6,3,9,1,2,97,30.235166666666665),(15,'ProposedApproach',6,3,9,1,3,238,30.235166666666665),(15,'ProposedApproach',6,3,9,1,4,225,30.235166666666665),(15,'ProposedApproach',7,1,1,1,2,338,85.5925),(15,'ProposedApproach',7,1,1,1,3,490,85.5925),(15,'ProposedApproach',7,1,1,1,4,497,85.5925),(15,'ProposedApproach',7,1,2,1,2,278,85.6585),(15,'ProposedApproach',7,1,2,1,3,424,85.6585),(15,'ProposedApproach',7,1,2,1,4,436,85.6585),(15,'ProposedApproach',7,1,3,1,2,119,85.491),(15,'ProposedApproach',7,1,3,1,3,255,85.491),(15,'ProposedApproach',7,1,3,1,4,272,85.491),(15,'ProposedApproach',7,1,4,1,2,73,83.91499999999999),(15,'ProposedApproach',7,1,4,1,3,212,83.91499999999999),(15,'ProposedApproach',7,1,4,1,4,229,83.91499999999999),(15,'ProposedApproach',7,1,5,1,2,88,83.56),(15,'ProposedApproach',7,1,5,1,3,224,83.56),(15,'ProposedApproach',7,1,5,1,4,242,83.56),(15,'ProposedApproach',7,1,6,1,2,256,84.6635),(15,'ProposedApproach',7,1,6,1,3,396,84.6635),(15,'ProposedApproach',7,1,6,1,4,418,84.6635),(15,'ProposedApproach',7,1,7,1,2,169,82.945),(15,'ProposedApproach',7,1,7,1,3,298,82.945),(15,'ProposedApproach',7,1,7,1,4,318,82.945),(15,'ProposedApproach',7,1,8,1,2,248,85.9925),(15,'ProposedApproach',7,1,8,1,3,381,85.9925),(15,'ProposedApproach',7,1,8,1,4,406,85.9925),(15,'ProposedApproach',7,1,9,1,2,105,84.8135),(15,'ProposedApproach',7,1,9,1,3,236,84.8135),(15,'ProposedApproach',7,1,9,1,4,253,84.8135),(15,'ProposedApproach',7,2,1,1,2,435,85.565),(15,'ProposedApproach',7,2,1,1,3,443,85.565),(15,'ProposedApproach',7,2,1,1,4,455,85.565),(15,'ProposedApproach',7,2,2,1,2,383,85.65299999999999),(15,'ProposedApproach',7,2,2,1,3,380,85.65299999999999),(15,'ProposedApproach',7,2,2,1,4,395,85.65299999999999),(15,'ProposedApproach',7,2,3,1,2,113,85.458),(15,'ProposedApproach',7,2,3,1,3,225,85.458),(15,'ProposedApproach',7,2,3,1,4,243,85.458),(15,'ProposedApproach',7,2,4,1,2,77,78.41499999999999),(15,'ProposedApproach',7,2,4,1,3,175,78.41499999999999),(15,'ProposedApproach',7,2,4,1,4,178,78.41499999999999),(15,'ProposedApproach',7,2,5,1,2,89,77.51),(15,'ProposedApproach',7,2,5,1,3,187,77.51),(15,'ProposedApproach',7,2,5,1,4,190,77.51),(15,'ProposedApproach',7,2,6,1,2,223,82.403),(15,'ProposedApproach',7,2,6,1,3,361,82.403),(15,'ProposedApproach',7,2,6,1,4,377,82.403),(15,'ProposedApproach',7,2,7,1,2,155,71.945),(15,'ProposedApproach',7,2,7,1,3,268,71.945),(15,'ProposedApproach',7,2,7,1,4,287,71.945),(15,'ProposedApproach',7,2,8,1,2,216,85.965),(15,'ProposedApproach',7,2,8,1,3,349,85.965),(15,'ProposedApproach',7,2,8,1,4,365,85.965),(15,'ProposedApproach',7,2,9,1,2,101,83.70799999999998),(15,'ProposedApproach',7,2,9,1,3,205,83.70799999999998),(15,'ProposedApproach',7,2,9,1,4,213,83.70799999999998),(15,'ProposedApproach',7,3,1,1,2,279,32.792500000000004),(15,'ProposedApproach',7,3,1,1,3,496,32.792500000000004),(15,'ProposedApproach',7,3,1,1,4,432,32.792500000000004),(15,'ProposedApproach',7,3,2,1,2,230,33.0785),(15,'ProposedApproach',7,3,2,1,3,434,33.0785),(15,'ProposedApproach',7,3,2,1,4,371,33.0785),(15,'ProposedApproach',7,3,3,1,2,92,32.32433333333333),(15,'ProposedApproach',7,3,3,1,3,231,32.32433333333333),(15,'ProposedApproach',7,3,3,1,4,219,32.32433333333333),(15,'ProposedApproach',7,3,4,1,2,54,30.436666666666667),(15,'ProposedApproach',7,3,4,1,3,178,30.436666666666667),(15,'ProposedApproach',7,3,4,1,4,178,30.436666666666667),(15,'ProposedApproach',7,3,5,1,2,67,29.33),(15,'ProposedApproach',7,3,5,1,3,193,29.33),(15,'ProposedApproach',7,3,5,1,4,190,29.33),(15,'ProposedApproach',7,3,6,1,2,211,30.690166666666666),(15,'ProposedApproach',7,3,6,1,3,409,30.690166666666666),(15,'ProposedApproach',7,3,6,1,4,352,30.690166666666666),(15,'ProposedApproach',7,3,7,1,2,134,31.41),(15,'ProposedApproach',7,3,7,1,3,309,31.41),(15,'ProposedApproach',7,3,7,1,4,261,31.41),(15,'ProposedApproach',7,3,8,1,2,203,34.659166666666664),(15,'ProposedApproach',7,3,8,1,3,397,34.659166666666664),(15,'ProposedApproach',7,3,8,1,4,341,34.659166666666664),(15,'ProposedApproach',7,3,9,1,2,79,30.235166666666665),(15,'ProposedApproach',7,3,9,1,3,208,30.235166666666665),(15,'ProposedApproach',7,3,9,1,4,202,30.235166666666665),(15,'ProposedApproach',8,1,1,1,2,331,85.5925),(15,'ProposedApproach',8,1,1,1,3,484,85.5925),(15,'ProposedApproach',8,1,1,1,4,491,85.5925),(15,'ProposedApproach',8,1,2,1,2,293,85.6585),(15,'ProposedApproach',8,1,2,1,3,453,85.6585),(15,'ProposedApproach',8,1,2,1,4,461,85.6585),(15,'ProposedApproach',8,1,3,1,2,193,85.491),(15,'ProposedApproach',8,1,3,1,3,336,85.491),(15,'ProposedApproach',8,1,3,1,4,356,85.491),(15,'ProposedApproach',8,1,4,1,2,155,83.91499999999999),(15,'ProposedApproach',8,1,4,1,3,286,83.91499999999999),(15,'ProposedApproach',8,1,4,1,4,305,83.91499999999999),(15,'ProposedApproach',8,1,5,1,2,141,83.56),(15,'ProposedApproach',8,1,5,1,3,273,83.56),(15,'ProposedApproach',8,1,5,1,4,292,83.56),(15,'ProposedApproach',8,1,6,1,2,270,84.6635),(15,'ProposedApproach',8,1,6,1,3,410,84.6635),(15,'ProposedApproach',8,1,6,1,4,430,84.6635),(15,'ProposedApproach',8,1,7,1,2,186,82.945),(15,'ProposedApproach',8,1,7,1,3,311,82.945),(15,'ProposedApproach',8,1,7,1,4,331,82.945),(15,'ProposedApproach',8,1,8,1,2,300,85.9925),(15,'ProposedApproach',8,1,8,1,3,460,85.9925),(15,'ProposedApproach',8,1,8,1,4,467,85.9925),(15,'ProposedApproach',8,1,9,1,2,162,84.8135),(15,'ProposedApproach',8,1,9,1,3,292,84.8135),(15,'ProposedApproach',8,1,9,1,4,311,84.8135),(15,'ProposedApproach',8,2,1,1,2,428,85.565),(15,'ProposedApproach',8,2,1,1,3,437,85.565),(15,'ProposedApproach',8,2,1,1,4,450,85.565),(15,'ProposedApproach',8,2,2,1,2,396,85.65299999999999),(15,'ProposedApproach',8,2,2,1,3,406,85.65299999999999),(15,'ProposedApproach',8,2,2,1,4,419,85.65299999999999),(15,'ProposedApproach',8,2,3,1,2,174,85.458),(15,'ProposedApproach',8,2,3,1,3,306,85.458),(15,'ProposedApproach',8,2,3,1,4,323,85.458),(15,'ProposedApproach',8,2,4,1,2,143,78.41499999999999),(15,'ProposedApproach',8,2,4,1,3,255,78.41499999999999),(15,'ProposedApproach',8,2,4,1,4,275,78.41499999999999),(15,'ProposedApproach',8,2,5,1,2,131,77.51),(15,'ProposedApproach',8,2,5,1,3,243,77.51),(15,'ProposedApproach',8,2,5,1,4,263,77.51),(15,'ProposedApproach',8,2,6,1,2,375,82.403),(15,'ProposedApproach',8,2,6,1,3,374,82.403),(15,'ProposedApproach',8,2,6,1,4,389,82.403),(15,'ProposedApproach',8,2,7,1,2,168,71.945),(15,'ProposedApproach',8,2,7,1,3,282,71.945),(15,'ProposedApproach',8,2,7,1,4,299,71.945),(15,'ProposedApproach',8,2,8,1,2,403,85.965),(15,'ProposedApproach',8,2,8,1,3,412,85.965),(15,'ProposedApproach',8,2,8,1,4,425,85.965),(15,'ProposedApproach',8,2,9,1,2,149,83.70799999999998),(15,'ProposedApproach',8,2,9,1,3,262,83.70799999999998),(15,'ProposedApproach',8,2,9,1,4,281,83.70799999999998),(15,'ProposedApproach',8,3,1,1,2,273,32.792500000000004),(15,'ProposedApproach',8,3,1,1,3,490,32.792500000000004),(15,'ProposedApproach',8,3,1,1,4,426,32.792500000000004),(15,'ProposedApproach',8,3,2,1,2,242,33.0785),(15,'ProposedApproach',8,3,2,1,3,459,33.0785),(15,'ProposedApproach',8,3,2,1,4,396,33.0785),(15,'ProposedApproach',8,3,3,1,2,152,32.32433333333333),(15,'ProposedApproach',8,3,3,1,3,352,32.32433333333333),(15,'ProposedApproach',8,3,3,1,4,297,32.32433333333333),(15,'ProposedApproach',8,3,4,1,2,122,30.436666666666667),(15,'ProposedApproach',8,3,4,1,3,267,30.436666666666667),(15,'ProposedApproach',8,3,4,1,4,249,30.436666666666667),(15,'ProposedApproach',8,3,5,1,2,110,29.33),(15,'ProposedApproach',8,3,5,1,3,253,29.33),(15,'ProposedApproach',8,3,5,1,4,237,29.33),(15,'ProposedApproach',8,3,6,1,2,224,30.690166666666666),(15,'ProposedApproach',8,3,6,1,3,428,30.690166666666666),(15,'ProposedApproach',8,3,6,1,4,365,30.690166666666666),(15,'ProposedApproach',8,3,7,1,2,146,31.41),(15,'ProposedApproach',8,3,7,1,3,325,31.41),(15,'ProposedApproach',8,3,7,1,4,273,31.41),(15,'ProposedApproach',8,3,8,1,2,248,34.659166666666664),(15,'ProposedApproach',8,3,8,1,3,465,34.659166666666664),(15,'ProposedApproach',8,3,8,1,4,402,34.659166666666664),(15,'ProposedApproach',8,3,9,1,2,128,30.235166666666665),(15,'ProposedApproach',8,3,9,1,3,274,30.235166666666665),(15,'ProposedApproach',8,3,9,1,4,255,30.235166666666665);
/*!40000 ALTER TABLE `result` ENABLE KEYS */;
UNLOCK TABLES;

--
-- Table structure for table `sensor`
--

DROP TABLE IF EXISTS `sensor`;
/*!40101 SET @saved_cs_client     = @@character_set_client */;
/*!40101 SET character_set_client = utf8 */;
CREATE TABLE `sensor` (
  `id` int(11) NOT NULL AUTO_INCREMENT,
  `provider` varchar(45) DEFAULT NULL,
  `reference` varchar(45) DEFAULT NULL,
  `phenomenon` varchar(45) DEFAULT NULL,
  `actuation` varchar(45) DEFAULT NULL,
  PRIMARY KEY (`id`)
) ENGINE=InnoDB AUTO_INCREMENT=6 DEFAULT CHARSET=utf8;
/*!40101 SET character_set_client = @saved_cs_client */;

--
-- Dumping data for table `sensor`
--

LOCK TABLES `sensor` WRITE;
/*!40000 ALTER TABLE `sensor` DISABLE KEYS */;
INSERT INTO `sensor` VALUES (1,'Sensirion','SHT15','Temperature, Humidity','26'),(2,'Sensirion','SHT21','Temperature, Humidity','26'),(3,'Sensirion','SHT75','Temperature, Humidity','26'),(4,'avago','APDS9007','Ambiant Light','10'),(5,'Arduino playground','MMA7455','Accelration','10');
/*!40000 ALTER TABLE `sensor` ENABLE KEYS */;
UNLOCK TABLES;

--
-- Table structure for table `service_function`
--

DROP TABLE IF EXISTS `service_function`;
/*!40101 SET @saved_cs_client     = @@character_set_client */;
/*!40101 SET character_set_client = utf8 */;
CREATE TABLE `service_function` (
  `id` int(11) NOT NULL AUTO_INCREMENT,
  `acronym` varchar(45) NOT NULL,
  `client` enum('Client','Node') DEFAULT 'Node',
  `description` text,
  `ecu` decimal(20,15) DEFAULT NULL,
  `ram` decimal(20,15) DEFAULT NULL,
  `hdd` decimal(20,15) DEFAULT NULL,
  `datarate` decimal(20,15) DEFAULT NULL,
  PRIMARY KEY (`id`)
) ENGINE=InnoDB AUTO_INCREMENT=6 DEFAULT CHARSET=utf8;
/*!40101 SET character_set_client = @saved_cs_client */;

--
-- Dumping data for table `service_function`
--

LOCK TABLES `service_function` WRITE;
/*!40000 ALTER TABLE `service_function` DISABLE KEYS */;
INSERT INTO `service_function` VALUES (1,'User Control','Client','A process insuring users privileges, connections and securities.',0.097656250000000,0.000976562500000,0.000000000000000,0.000244140625000),(2,'Encoding','Node','A process collected data to encoded values (string, double or integer)',0.117187500000000,0.000976562500000,0.000000000000000,0.000000000000000),(3,'Encryption/Decryption','Node','A process to encrypt or decrypt the encoded values form collected sensor data (DES, AES...etc).',0.126953125000000,0.002441406250000,0.000000000000000,0.000000000000000),(4,'Data Analysis','Client','A Graphical analysis tools for Users to ease decision making.',0.292968750000000,0.244140625000000,0.000000000000000,0.014648437500000),(5,'User Alert','Client','A user mail notification in case of out of bound phenomena measures.',0.000488281250000,0.001953125000000,0.000000000000000,0.000000000000001);
/*!40000 ALTER TABLE `service_function` ENABLE KEYS */;
UNLOCK TABLES;

--
-- Temporary view structure for view `time_complete`
--

DROP TABLE IF EXISTS `time_complete`;
/*!50001 DROP VIEW IF EXISTS `time_complete`*/;
SET @saved_cs_client     = @@character_set_client;
SET character_set_client = utf8;
/*!50001 CREATE VIEW `time_complete` AS SELECT 
 1 AS `time`*/;
SET character_set_client = @saved_cs_client;

--
-- Table structure for table `user`
--

DROP TABLE IF EXISTS `user`;
/*!40101 SET @saved_cs_client     = @@character_set_client */;
/*!40101 SET character_set_client = utf8 */;
CREATE TABLE `user` (
  `id` int(11) NOT NULL AUTO_INCREMENT,
  `firstname` varchar(45) DEFAULT NULL,
  `lastname` varchar(45) DEFAULT NULL,
  PRIMARY KEY (`id`)
) ENGINE=InnoDB AUTO_INCREMENT=4 DEFAULT CHARSET=utf8;
/*!40101 SET character_set_client = @saved_cs_client */;

--
-- Dumping data for table `user`
--

LOCK TABLES `user` WRITE;
/*!40000 ALTER TABLE `user` DISABLE KEYS */;
INSERT INTO `user` VALUES (1,'Ahmed','SETTOUTI'),(2,'Yassine','SETTOUTI'),(3,'Khalid','SETTOUTI');
/*!40000 ALTER TABLE `user` ENABLE KEYS */;
UNLOCK TABLES;

--
-- Temporary view structure for view `user_complete`
--

DROP TABLE IF EXISTS `user_complete`;
/*!50001 DROP VIEW IF EXISTS `user_complete`*/;
SET @saved_cs_client     = @@character_set_client;
SET character_set_client = utf8;
/*!50001 CREATE VIEW `user_complete` AS SELECT 
 1 AS `id`,
 1 AS `firstname`,
 1 AS `lastname`,
 1 AS `RT`,
 1 AS `Av`,
 1 AS `SM`*/;
SET character_set_client = @saved_cs_client;

--
-- Table structure for table `user_quality_measure`
--

DROP TABLE IF EXISTS `user_quality_measure`;
/*!40101 SET @saved_cs_client     = @@character_set_client */;
/*!40101 SET character_set_client = utf8 */;
CREATE TABLE `user_quality_measure` (
  `user` int(11) NOT NULL,
  `quality_measure` int(11) NOT NULL,
  `score` int(3) DEFAULT NULL,
  PRIMARY KEY (`user`,`quality_measure`),
  KEY `fk_quality_measure_idx` (`quality_measure`),
  CONSTRAINT `fk_quality_measure` FOREIGN KEY (`quality_measure`) REFERENCES `quality_measure` (`id`) ON DELETE CASCADE ON UPDATE CASCADE,
  CONSTRAINT `fk_user` FOREIGN KEY (`user`) REFERENCES `user` (`id`) ON DELETE CASCADE ON UPDATE CASCADE
) ENGINE=InnoDB DEFAULT CHARSET=utf8;
/*!40101 SET character_set_client = @saved_cs_client */;

--
-- Dumping data for table `user_quality_measure`
--

LOCK TABLES `user_quality_measure` WRITE;
/*!40000 ALTER TABLE `user_quality_measure` DISABLE KEYS */;
INSERT INTO `user_quality_measure` VALUES (1,1,15),(1,2,15),(1,3,70),(2,1,15),(2,2,70),(2,3,15),(3,1,70),(3,2,15),(3,3,15);
/*!40000 ALTER TABLE `user_quality_measure` ENABLE KEYS */;
UNLOCK TABLES;

--
-- Table structure for table `wireless_protocole`
--

DROP TABLE IF EXISTS `wireless_protocole`;
/*!40101 SET @saved_cs_client     = @@character_set_client */;
/*!40101 SET character_set_client = utf8 */;
CREATE TABLE `wireless_protocole` (
  `id` int(11) NOT NULL AUTO_INCREMENT,
  `name` varchar(45) DEFAULT NULL,
  `min_frequency` decimal(10,2) DEFAULT NULL,
  `max_frequency` decimal(10,2) DEFAULT NULL,
  `datarate` int(11) DEFAULT NULL,
  `range` int(11) DEFAULT NULL,
  PRIMARY KEY (`id`)
) ENGINE=InnoDB AUTO_INCREMENT=3 DEFAULT CHARSET=utf8;
/*!40101 SET character_set_client = @saved_cs_client */;

--
-- Dumping data for table `wireless_protocole`
--

LOCK TABLES `wireless_protocole` WRITE;
/*!40000 ALTER TABLE `wireless_protocole` DISABLE KEYS */;
INSERT INTO `wireless_protocole` VALUES (1,'ZigBee',2400.00,2400.00,250,100),(2,'Wifi',2400.00,2400.00,55296,140);
/*!40000 ALTER TABLE `wireless_protocole` ENABLE KEYS */;
UNLOCK TABLES;

--
-- Table structure for table `wsn`
--

DROP TABLE IF EXISTS `wsn`;
/*!40101 SET @saved_cs_client     = @@character_set_client */;
/*!40101 SET character_set_client = utf8 */;
CREATE TABLE `wsn` (
  `id` int(11) NOT NULL AUTO_INCREMENT,
  `mission_period` int(11) NOT NULL,
  `budget` decimal(10,2) NOT NULL,
  `total_user` int(11) NOT NULL,
  `connected_user` int(11) NOT NULL,
  `location` int(11) NOT NULL,
  PRIMARY KEY (`id`),
  KEY `fk_wsn_location_idx` (`location`),
  CONSTRAINT `fk_wsn_location` FOREIGN KEY (`location`) REFERENCES `location` (`id`) ON DELETE CASCADE ON UPDATE CASCADE
) ENGINE=InnoDB AUTO_INCREMENT=5 DEFAULT CHARSET=utf8;
/*!40101 SET character_set_client = @saved_cs_client */;

--
-- Dumping data for table `wsn`
--

LOCK TABLES `wsn` WRITE;
/*!40000 ALTER TABLE `wsn` DISABLE KEYS */;
INSERT INTO `wsn` VALUES (1,8760,1000.00,100,50,10),(2,360,10000.00,50,25,10),(3,360,100000.00,50,25,10),(4,168,1000000.00,50,25,10);
/*!40000 ALTER TABLE `wsn` ENABLE KEYS */;
UNLOCK TABLES;

--
-- Temporary view structure for view `wsn_complete`
--

DROP TABLE IF EXISTS `wsn_complete`;
/*!50001 DROP VIEW IF EXISTS `wsn_complete`*/;
SET @saved_cs_client     = @@character_set_client;
SET character_set_client = utf8;
/*!50001 CREATE VIEW `wsn_complete` AS SELECT 
 1 AS `id`,
 1 AS `budget`,
 1 AS `mission_period`,
 1 AS `ecu`,
 1 AS `ram`,
 1 AS `hdd`,
 1 AS `bw`,
 1 AS `location`*/;
SET character_set_client = @saved_cs_client;

--
-- Table structure for table `wsn_node`
--

DROP TABLE IF EXISTS `wsn_node`;
/*!40101 SET @saved_cs_client     = @@character_set_client */;
/*!40101 SET character_set_client = utf8 */;
CREATE TABLE `wsn_node` (
  `wsn` int(11) NOT NULL,
  `node` int(11) NOT NULL,
  `x` decimal(10,2) NOT NULL,
  `y` decimal(10,2) NOT NULL,
  PRIMARY KEY (`wsn`,`node`,`x`,`y`)
) ENGINE=InnoDB DEFAULT CHARSET=utf8;
/*!40101 SET character_set_client = @saved_cs_client */;

--
-- Dumping data for table `wsn_node`
--

LOCK TABLES `wsn_node` WRITE;
/*!40000 ALTER TABLE `wsn_node` DISABLE KEYS */;
INSERT INTO `wsn_node` VALUES (1,1,10.00,10.00),(1,2,90.00,90.00),(1,3,20.00,10.00),(1,4,10.00,20.00),(1,5,30.00,30.00),(1,6,0.00,90.00),(2,3,10.00,10.00),(2,8,30.00,30.00),(3,8,10.00,10.00),(4,1,4.00,4.00);
/*!40000 ALTER TABLE `wsn_node` ENABLE KEYS */;
UNLOCK TABLES;

--
-- Temporary view structure for view `wsn_node_complete`
--

DROP TABLE IF EXISTS `wsn_node_complete`;
/*!50001 DROP VIEW IF EXISTS `wsn_node_complete`*/;
SET @saved_cs_client     = @@character_set_client;
SET character_set_client = utf8;
/*!50001 CREATE VIEW `wsn_node_complete` AS SELECT 
 1 AS `wsn_id`,
 1 AS `ecu`,
 1 AS `ram`,
 1 AS `hdd`,
 1 AS `bw`*/;
SET character_set_client = @saved_cs_client;

--
-- Table structure for table `wsn_service_function`
--

DROP TABLE IF EXISTS `wsn_service_function`;
/*!40101 SET @saved_cs_client     = @@character_set_client */;
/*!40101 SET character_set_client = utf8 */;
CREATE TABLE `wsn_service_function` (
  `service_function` int(11) NOT NULL,
  `wsn` int(11) NOT NULL,
  PRIMARY KEY (`service_function`,`wsn`),
  KEY `fk_wsn_idx` (`wsn`),
  CONSTRAINT `fk_service_function` FOREIGN KEY (`service_function`) REFERENCES `service_function` (`id`) ON DELETE CASCADE ON UPDATE CASCADE,
  CONSTRAINT `fk_wsn` FOREIGN KEY (`wsn`) REFERENCES `wsn` (`id`) ON DELETE CASCADE ON UPDATE CASCADE
) ENGINE=InnoDB DEFAULT CHARSET=utf8;
/*!40101 SET character_set_client = @saved_cs_client */;

--
-- Dumping data for table `wsn_service_function`
--

LOCK TABLES `wsn_service_function` WRITE;
/*!40000 ALTER TABLE `wsn_service_function` DISABLE KEYS */;
INSERT INTO `wsn_service_function` VALUES (1,1),(2,1),(5,1),(2,2),(5,2),(2,3),(5,3),(2,4),(5,4);
/*!40000 ALTER TABLE `wsn_service_function` ENABLE KEYS */;
UNLOCK TABLES;

--
-- Temporary view structure for view `wsn_service_function_complete`
--

DROP TABLE IF EXISTS `wsn_service_function_complete`;
/*!50001 DROP VIEW IF EXISTS `wsn_service_function_complete`*/;
SET @saved_cs_client     = @@character_set_client;
SET character_set_client = utf8;
/*!50001 CREATE VIEW `wsn_service_function_complete` AS SELECT 
 1 AS `id`,
 1 AS `ecu`,
 1 AS `ram`,
 1 AS `hdd`,
 1 AS `datarate`,
 1 AS `type`,
 1 AS `location`*/;
SET character_set_client = @saved_cs_client;

--
-- Dumping events for database 'cc'
--

--
-- Dumping routines for database 'cc'
--

--
-- Final view structure for view `experiment_complete`
--

/*!50001 DROP VIEW IF EXISTS `experiment_complete`*/;
/*!50001 SET @saved_cs_client          = @@character_set_client */;
/*!50001 SET @saved_cs_results         = @@character_set_results */;
/*!50001 SET @saved_col_connection     = @@collation_connection */;
/*!50001 SET character_set_client      = utf8 */;
/*!50001 SET character_set_results     = utf8 */;
/*!50001 SET collation_connection      = utf8_general_ci */;
/*!50001 CREATE ALGORITHM=UNDEFINED */
/*!50013 DEFINER=`root`@`localhost` SQL SECURITY DEFINER */
/*!50001 VIEW `experiment_complete` AS select `result`.`experiment` AS `experiment`,`result`.`approach` AS `approach`,`time_complete`.`time` AS `time`,sum(`result`.`score`) AS `score` from (`result` join `time_complete`) where (`result`.`time` <= `time_complete`.`time`) group by `result`.`experiment`,`result`.`approach`,`time_complete`.`time` */;
/*!50001 SET character_set_client      = @saved_cs_client */;
/*!50001 SET character_set_results     = @saved_cs_results */;
/*!50001 SET collation_connection      = @saved_col_connection */;

--
-- Final view structure for view `instance_complete`
--

/*!50001 DROP VIEW IF EXISTS `instance_complete`*/;
/*!50001 SET @saved_cs_client          = @@character_set_client */;
/*!50001 SET @saved_cs_results         = @@character_set_results */;
/*!50001 SET @saved_col_connection     = @@collation_connection */;
/*!50001 SET character_set_client      = utf8 */;
/*!50001 SET character_set_results     = utf8 */;
/*!50001 SET collation_connection      = utf8_general_ci */;
/*!50001 CREATE ALGORITHM=UNDEFINED */
/*!50013 DEFINER=`saky`@`localhost` SQL SECURITY DEFINER */
/*!50001 VIEW `instance_complete` AS select concat(`provider`.`id`,`location`.`id`,`instance`.`id`) AS `code`,`provider`.`id` AS `provider_id`,`location`.`id` AS `location_id`,`instance`.`id` AS `instance_id`,`provider`.`name` AS `name`,`instance`.`label` AS `Instance`,`instance`.`vCPU` AS `vCPU`,`instance`.`ECU` AS `ECU`,`instance`.`RAM` AS `RAM`,`instance`.`HDD` AS `HDD`,`instance`.`BW` AS `BW`,`location_pricing`.`hour_price` AS `hour_price`,`location_pricing`.`month_price` AS `month_price`,`location_pricing`.`bw_price` AS `bw_price`,concat(`location`.`city`,'-',`location`.`country`) AS `Location` from (((`instance` join `provider`) join `location_pricing`) join `location`) where ((`location_pricing`.`location` = `location`.`id`) and (`location_pricing`.`provider` = `provider`.`id`) and (`location_pricing`.`instance` = `instance`.`id`)) */;
/*!50001 SET character_set_client      = @saved_cs_client */;
/*!50001 SET character_set_results     = @saved_cs_results */;
/*!50001 SET collation_connection      = @saved_col_connection */;

--
-- Final view structure for view `node_sensor_complete`
--

/*!50001 DROP VIEW IF EXISTS `node_sensor_complete`*/;
/*!50001 SET @saved_cs_client          = @@character_set_client */;
/*!50001 SET @saved_cs_results         = @@character_set_results */;
/*!50001 SET @saved_col_connection     = @@collation_connection */;
/*!50001 SET character_set_client      = utf8 */;
/*!50001 SET character_set_results     = utf8 */;
/*!50001 SET collation_connection      = utf8_general_ci */;
/*!50001 CREATE ALGORITHM=UNDEFINED */
/*!50013 DEFINER=`saky`@`localhost` SQL SECURITY DEFINER */
/*!50001 VIEW `node_sensor_complete` AS select `node`.`id` AS `id`,concat(`node`.`provider`,' ',`node`.`reference`) AS `name`,ceiling((sum(`sensor`.`actuation`) / 8)) AS `actuation` from (((`sensor` join `node_sensor`) join `node`) join `wireless_protocole`) where ((`sensor`.`id` = `node_sensor`.`sensor`) and (`node_sensor`.`node` = `node`.`id`) and (`wireless_protocole`.`id` = `node`.`protocole`)) group by `node`.`id` */;
/*!50001 SET character_set_client      = @saved_cs_client */;
/*!50001 SET character_set_results     = @saved_cs_results */;
/*!50001 SET collation_connection      = @saved_col_connection */;

--
-- Final view structure for view `time_complete`
--

/*!50001 DROP VIEW IF EXISTS `time_complete`*/;
/*!50001 SET @saved_cs_client          = @@character_set_client */;
/*!50001 SET @saved_cs_results         = @@character_set_results */;
/*!50001 SET @saved_col_connection     = @@collation_connection */;
/*!50001 SET character_set_client      = utf8 */;
/*!50001 SET character_set_results     = utf8 */;
/*!50001 SET collation_connection      = utf8_general_ci */;
/*!50001 CREATE ALGORITHM=UNDEFINED */
/*!50013 DEFINER=`root`@`localhost` SQL SECURITY DEFINER */
/*!50001 VIEW `time_complete` AS select distinct `result`.`time` AS `time` from `result` order by `result`.`time` */;
/*!50001 SET character_set_client      = @saved_cs_client */;
/*!50001 SET character_set_results     = @saved_cs_results */;
/*!50001 SET collation_connection      = @saved_col_connection */;

--
-- Final view structure for view `user_complete`
--

/*!50001 DROP VIEW IF EXISTS `user_complete`*/;
/*!50001 SET @saved_cs_client          = @@character_set_client */;
/*!50001 SET @saved_cs_results         = @@character_set_results */;
/*!50001 SET @saved_col_connection     = @@collation_connection */;
/*!50001 SET character_set_client      = utf8 */;
/*!50001 SET character_set_results     = utf8 */;
/*!50001 SET collation_connection      = utf8_general_ci */;
/*!50001 CREATE ALGORITHM=UNDEFINED */
/*!50013 DEFINER=`saky`@`localhost` SQL SECURITY DEFINER */
/*!50001 VIEW `user_complete` AS select `user`.`id` AS `id`,`user`.`firstname` AS `firstname`,`user`.`lastname` AS `lastname`,`a1`.`score` AS `RT`,`a2`.`score` AS `Av`,`a3`.`score` AS `SM` from (((`user` join `user_quality_measure` `a1`) join `user_quality_measure` `a2`) join `user_quality_measure` `a3`) where ((`a1`.`quality_measure` = 1) and (`a2`.`quality_measure` = 2) and (`a3`.`quality_measure` = 3) and (`a1`.`user` = `user`.`id`) and (`a2`.`user` = `user`.`id`) and (`a3`.`user` = `user`.`id`)) */;
/*!50001 SET character_set_client      = @saved_cs_client */;
/*!50001 SET character_set_results     = @saved_cs_results */;
/*!50001 SET collation_connection      = @saved_col_connection */;

--
-- Final view structure for view `wsn_complete`
--

/*!50001 DROP VIEW IF EXISTS `wsn_complete`*/;
/*!50001 SET @saved_cs_client          = @@character_set_client */;
/*!50001 SET @saved_cs_results         = @@character_set_results */;
/*!50001 SET @saved_col_connection     = @@collation_connection */;
/*!50001 SET character_set_client      = utf8 */;
/*!50001 SET character_set_results     = utf8 */;
/*!50001 SET collation_connection      = utf8_general_ci */;
/*!50001 CREATE ALGORITHM=UNDEFINED */
/*!50013 DEFINER=`saky`@`localhost` SQL SECURITY DEFINER */
/*!50001 VIEW `wsn_complete` AS select `wsn`.`id` AS `id`,`wsn`.`budget` AS `budget`,`wsn`.`mission_period` AS `mission_period`,((sum(`wsn_service_function_complete`.`ecu`) * `wsn`.`connected_user`) + `wsn_node_complete`.`ecu`) AS `ecu`,((sum(`wsn_service_function_complete`.`ram`) * `wsn`.`connected_user`) + `wsn_node_complete`.`ram`) AS `ram`,(sum((`wsn_service_function_complete`.`hdd` * `wsn`.`total_user`)) + `wsn_node_complete`.`hdd`) AS `hdd`,((((sum(`wsn_service_function_complete`.`datarate`) * `wsn`.`mission_period`) * `wsn`.`connected_user`) * 12656.25) + `wsn_node_complete`.`bw`) AS `bw`,`wsn`.`location` AS `location` from ((`wsn` join `wsn_node_complete`) join `wsn_service_function_complete`) where ((`wsn_service_function_complete`.`type` = 'Client') and (`wsn`.`id` = `wsn_node_complete`.`wsn_id`) and (`wsn`.`id` = `wsn_service_function_complete`.`id`)) group by `wsn`.`id` */;
/*!50001 SET character_set_client      = @saved_cs_client */;
/*!50001 SET character_set_results     = @saved_cs_results */;
/*!50001 SET collation_connection      = @saved_col_connection */;

--
-- Final view structure for view `wsn_node_complete`
--

/*!50001 DROP VIEW IF EXISTS `wsn_node_complete`*/;
/*!50001 SET @saved_cs_client          = @@character_set_client */;
/*!50001 SET @saved_cs_results         = @@character_set_results */;
/*!50001 SET @saved_col_connection     = @@collation_connection */;
/*!50001 SET character_set_client      = utf8 */;
/*!50001 SET character_set_results     = utf8 */;
/*!50001 SET collation_connection      = utf8_general_ci */;
/*!50001 CREATE ALGORITHM=UNDEFINED */
/*!50013 DEFINER=`saky`@`localhost` SQL SECURITY DEFINER */
/*!50001 VIEW `wsn_node_complete` AS select `wsn`.`id` AS `wsn_id`,(sum(`wsn_service_function_complete`.`ecu`) * count(`wsn_node`.`node`)) AS `ecu`,(sum(`wsn_service_function_complete`.`ram`) * count(`wsn_node`.`node`)) AS `ram`,((sum(`wsn_service_function_complete`.`hdd`) * count(`wsn_node`.`node`)) + ((sum(`node_sensor_complete`.`actuation`) * `wsn`.`mission_period`) * 0.0120699405670166)) AS `hdd`,(((sum(`wsn_service_function_complete`.`datarate`) * count(`wsn_node`.`node`)) * 12656.25) + ((sum(`node_sensor_complete`.`actuation`) * 0.0120699405670166) * `wsn`.`mission_period`)) AS `bw` from (((`wsn` join `wsn_node`) join `node_sensor_complete`) join `wsn_service_function_complete`) where ((`wsn_service_function_complete`.`type` = 'Node') and (`wsn`.`id` = `wsn_node`.`wsn`) and (`wsn_node`.`node` = `node_sensor_complete`.`id`) and (`wsn`.`id` = `wsn_service_function_complete`.`id`)) group by `wsn`.`id` */;
/*!50001 SET character_set_client      = @saved_cs_client */;
/*!50001 SET character_set_results     = @saved_cs_results */;
/*!50001 SET collation_connection      = @saved_col_connection */;

--
-- Final view structure for view `wsn_service_function_complete`
--

/*!50001 DROP VIEW IF EXISTS `wsn_service_function_complete`*/;
/*!50001 SET @saved_cs_client          = @@character_set_client */;
/*!50001 SET @saved_cs_results         = @@character_set_results */;
/*!50001 SET @saved_col_connection     = @@collation_connection */;
/*!50001 SET character_set_client      = utf8 */;
/*!50001 SET character_set_results     = utf8 */;
/*!50001 SET collation_connection      = utf8_general_ci */;
/*!50001 CREATE ALGORITHM=UNDEFINED */
/*!50013 DEFINER=`saky`@`localhost` SQL SECURITY DEFINER */
/*!50001 VIEW `wsn_service_function_complete` AS select `wsn`.`id` AS `id`,sum(`service_function`.`ecu`) AS `ecu`,sum(`service_function`.`ram`) AS `ram`,sum(`service_function`.`hdd`) AS `hdd`,sum(`service_function`.`datarate`) AS `datarate`,'Client' AS `type`,`wsn`.`location` AS `location` from ((`wsn` join `wsn_service_function`) join `service_function`) where ((`service_function`.`client` = 'Client') and (`wsn`.`id` = `wsn_service_function`.`wsn`) and (`wsn_service_function`.`service_function` = `service_function`.`id`)) group by `wsn`.`id` union select `wsn`.`id` AS `id`,sum(`service_function`.`ecu`) AS `ecu`,sum(`service_function`.`ram`) AS `ram`,sum(`service_function`.`hdd`) AS `hdd`,sum(`service_function`.`datarate`) AS `datarate`,'Node' AS `type`,`wsn`.`location` AS `location` from ((`wsn` join `wsn_service_function`) join `service_function`) where ((`service_function`.`client` = 'Node') and (`wsn`.`id` = `wsn_service_function`.`wsn`) and (`wsn_service_function`.`service_function` = `service_function`.`id`)) group by `wsn`.`id` */;
/*!50001 SET character_set_client      = @saved_cs_client */;
/*!50001 SET character_set_results     = @saved_cs_results */;
/*!50001 SET collation_connection      = @saved_col_connection */;
/*!40103 SET TIME_ZONE=@OLD_TIME_ZONE */;

/*!40101 SET SQL_MODE=@OLD_SQL_MODE */;
/*!40014 SET FOREIGN_KEY_CHECKS=@OLD_FOREIGN_KEY_CHECKS */;
/*!40014 SET UNIQUE_CHECKS=@OLD_UNIQUE_CHECKS */;
/*!40101 SET CHARACTER_SET_CLIENT=@OLD_CHARACTER_SET_CLIENT */;
/*!40101 SET CHARACTER_SET_RESULTS=@OLD_CHARACTER_SET_RESULTS */;
/*!40101 SET COLLATION_CONNECTION=@OLD_COLLATION_CONNECTION */;
/*!40111 SET SQL_NOTES=@OLD_SQL_NOTES */;

-- Dump completed on 2017-03-29  1:51:57
